Workbook

Sheet 01.04
A1: Худудий бўлинмалар ходимлари томонидан ахборот технологиялари соҳасидаги жиноятларни олдини олиш бўйича амалга оширилган ишлар | AP1: Худудий бўлинмалар ходимлари томонидан ахборот технологиялари соҳасидаги жиноятларни олдини олиш бўйича амалга оширилган ишлар
A2: Ҳ И С О Б О Т Ж А Д В А Л И | AP2: ҲИСОБОТ ЖАДВАЛИ
A3: 1-жадвал 01.03.2026 йил | AP3: 2-жадвал 01.03.2026 йил
A4: Худудлар | B4: Ўтказилган учрашувлар сони март ойи учун | AF4: Учрашувда иштирок этган фуқаролар сони | AP4: Худудлар | AQ4: Оммавий ахборот воситаларида чиқишлар сони | BC4: Тарқатилган материаллар | BO4: Суҳбатлар
B5: ЖАМИ | E5: маҳаллалар | H5: олий таълим муассасалари | K5: академик лицейлар | N5: ўрта таълим муассасалари | Q5: мактабгача таълим муассасалари | T5: касалхона ва поликлиника | W5: бозорлар | Z5: ҲМҚОрганлари | AC5: бошқа идора ва ташкилотлар | AF5: ЖАМИ | AH5: учрашувлар давомида | AL5: Онлайн тарғибот давомида
AH6: 18 ёшгача | AJ6: 18 ёшдан катта | AL6: 18 ёшгача | AN6: 18 ёшдан катта | AQ6: Жами | AS6: телевидения | AU6: радио | AW6: газета | AY6: журнал | BA6: интернет (ижтимоий тармоқлар) | BC6: Жами | BE6: Видеоролик ва Кон | BG6: Баннер | BI6: Флаер | BK6: Буклет | BM6: Бошқа | BO6: Пробация рўйғатида турувчи шахслар билан ўтказилган суҳбат
B7: сони | C7: бир кунда | D7: ой бошидан | E7: сони | F7: бир кунда | G7: ой бошидан | H7: сони | I7: бир кунда | J7: ой бошидан | K7: сони | L7: бир кунда | M7: ой бошидан | N7: сони | O7: бир кунда | P7: ой бошидан | Q7: сони | R7: бир кунда | S7: ой бошидан | T7: сони | U7: бир кунда | V7: ой бошидан | W7: сони | X7: бир кунда | Y7: ой бошидан | Z7: сони | AA7: бир кунда | AB7: ой бошидан | AC7: сони | AD7: бир кунда | AE7: ой бошидан | AF7: бир кунда | AG7: ой бошидан | AH7: бир кунда | AI7: ой бошидан | AJ7: бир кунда | AK7: ой бошидан | AL7: бир кунда | AM7: ой бошидан | AN7: бир кунда | AO7: ой бошидан | AQ7: бир кунда | AR7: ой бошидан | AS7: бир кунда | AT7: ой бошидан | AU7: бир кунда | AV7: ой бошидан | AW7: бир кунда | AX7: ой бошидан | AY7: бир кунда | AZ7: ой бошидан | BA7: бир кунда | BB7: ой бошидан | BC7: бир кунда | BD7: ой бошидан | BE7: бир кунда | BF7: ой бошидан | BG7: бир кунда | BH7: ой бошидан | BI7: бир кунда | BJ7: ой бошидан | BK7: бир кунда | BL7: ой бошидан | BM7: бир кунда | BN7: ой бошидан | BO7: Сони | BP7: бир кунда | BQ7: ой бошидан
A8: ИИВ | B8: =E8+H8+K8+N8+Q8+T8+W8+Z8+AC8 -> 0 | C8: =F8+I8+L8+O8+R8+U8+X8+AA8+AD8 -> 0 | D8: =G8+J8+M8+P8+S8+V8+Y8+AB8+AE8 -> 0 | G8: =F8 -> 0 | J8: =I8 -> 0 | M8: =L8 -> 0 | P8: =O8 -> 0 | S8: =R8 -> 0 | V8: =U8 -> 0 | Y8: =X8 -> 0 | AB8: =AA8 -> 0 | AE8: =AD8 -> 0 | AF8: =AH8+AJ8+AL8+AN8 -> 0 | AG8: =AI8+AK8+AM8+AO8 -> 0 | AI8: =AH8 -> 0 | AK8: =AJ8 -> 0 | AM8: =AL8 -> 0 | AO8: =AN8 -> 0 | AP8: ИИВ | AQ8: =AS8+AU8+AW8+AY8+BA8 -> 0 | AR8: =AT8+AV8+AX8+AZ8+BB8 -> 0 | AT8: =AS8 -> 0 | AV8: =AU8 -> 0 | AX8: =AW8 -> 0 | AZ8: =AY8 -> 0 | BB8: =BA8 -> 0 | BC8: =BE8+BG8+BI8+BK8+BM8 -> 0 | BD8: =BF8+BH8+BJ8+BL8+BN8 -> 0 | BF8: =BE8 -> 0 | BH8: =BG8 -> 0 | BJ8: =BI8 -> 0 | BL8: =BK8 -> 0 | BQ8: =BP8 -> 0
A9: ҚКР | B9: =E9+H9+K9+N9+Q9+T9+W9+Z9+AC9 -> 3841 | C9: =F9+I9+L9+O9+R9+U9+X9+AA9+AD9 -> 0 | D9: =G9+J9+M9+P9+S9+V9+Y9+AB9+AE9 -> #REF! | E9: 452 | G9: =F9+#REF! -> #REF! | H9: 12 | J9: =I9+#REF! -> #REF! | K9: 2 | M9: =L9+#REF! -> #REF! | N9: 735 | P9: =O9+#REF! -> #REF! | Q9: 502 | S9: =R9+#REF! -> #REF! | T9: 197 | V9: =U9+#REF! -> #REF! | W9: 47 | Y9: =X9+#REF! -> #REF! | Z9: 34 | AB9: =AA9+#REF! -> #REF! | AC9: 1860 | AE9: =AD9+#REF! -> #REF! | AF9: 0 | AG9: 0 | AI9: =AH9+#REF! -> #REF! | AK9: =AJ9+#REF! -> #REF! | AM9: =AL9+#REF! -> #REF! | AO9: =AN9+#REF! -> #REF! | AP9: ҚКР | AQ9: 0 | AR9: 0 | AT9: =AS9+#REF! -> #REF! | AV9: =AU9+#REF! -> #REF! | AX9: =AW9+#REF! -> #REF! | AZ9: =AY9+#REF! -> #REF! | BB9: =BA9+#REF! -> #REF! | BC9: 0 | BD9: 0 | BF9: =BE9+#REF! -> #REF! | BH9: =BG9+#REF! -> #REF! | BJ9: =BI9+#REF! -> #REF! | BL9: =BK9+#REF! -> #REF! | BN9: =BM9+#REF! -> #REF! | BO9: 14 | BQ9: =BP9+#REF! -> #REF!
A10: Тошкент шаҳри | B10: =E10+H10+K10+N10+Q10+T10+W10+Z10+AC10 -> 3627 | C10: =F10+I10+L10+O10+R10+U10+X10+AA10+AD10 -> 0 | D10: =G10+J10+M10+P10+S10+V10+Y10+AB10+AE10 -> #REF! | E10: 585 | F10: 0 | G10: =F10+#REF! -> #REF! | H10: 93 | I10: 0 | J10: =I10+#REF! -> #REF! | K10: 34 | L10: 0 | M10: =L10+#REF! -> #REF! | N10: 352 | O10: 0 | P10: =O10+#REF! -> #REF! | Q10: 549 | R10: 0 | S10: =R10+#REF! -> #REF! | T10: 198 | U10: 0 | V10: =U10+#REF! -> #REF! | W10: 55 | X10: 0 | Y10: =X10+#REF! -> #REF! | Z10: 71 | AA10: 0 | AB10: =AA10+#REF! -> #REF! | AC10: 1690 | AD10: 0 | AE10: =AD10+#REF! -> #REF! | AF10: 0 | AG10: 0 | AH10: 0 | AI10: =AH10+#REF! -> #REF! | AJ10: 0 | AK10: =AJ10+#REF! -> #REF! | AL10: 0 | AM10: =AL10+#REF! -> #REF! | AN10: 0 | AO10: =AN10+#REF! -> #REF! | AP10: Тошкент шаҳри | AQ10: 0 | AR10: 0 | AS10: 0 | AT10: =AS10+#REF! -> #REF! | AU10: 0 | AV10: =AU10+#REF! -> #REF! | AW10: 0 | AX10: =AW10+#REF! -> #REF! | AY10: 0 | AZ10: =AY10+#REF! -> #REF! | BA10: 0 | BB10: =BA10+#REF! -> #REF! | BC10: 0 | BD10: 0 | BE10: 0 | BF10: =BE10+#REF! -> #REF! | BG10: 0 | BH10: =BG10+#REF! -> #REF! | BI10: 0 | BJ10: =BI10+#REF! -> #REF! | BK10: 0 | BL10: =BK10+#REF! -> #REF! | BM10: 0 | BN10: =BM10+#REF! -> #REF! | BO10: 32 | BP10: 0 | BQ10: =BP10+#REF! -> #REF!
A11: Тошкент вилояти | B11: =E11+H11+K11+N11+Q11+T11+W11+Z11+AC11 -> 15381 | C11: =F11+I11+L11+O11+R11+U11+X11+AA11+AD11 -> 155 | D11: =G11+J11+M11+P11+S11+V11+Y11+AB11+AE11 -> #REF! | E11: 883 | F11: 55 | G11: =F11+#REF! -> #REF! | H11: 16 | I11: 0 | J11: =I11+#REF! -> #REF! | K11: 3 | L11: 0 | M11: =L11+#REF! -> #REF! | N11: 875 | O11: 0 | P11: =O11+#REF! -> #REF! | Q11: 2424 | R11: 0 | S11: =R11+#REF! -> #REF! | T11: 69 | U11: 0 | V11: =U11+#REF! -> #REF! | W11: 133 | X11: 91 | Y11: =X11+#REF! -> #REF! | Z11: 1116 | AA11: 0 | AB11: =AA11+#REF! -> #REF! | AC11: 9862 | AD11: 9 | AE11: =AD11+#REF! -> #REF! | AF11: 173200 | AG11: 173200 | AH11: 6200 | AI11: =AH11+#REF! -> #REF! | AJ11: 9000 | AK11: =AJ11+#REF! -> #REF! | AL11: 53000 | AM11: =AL11+#REF! -> #REF! | AN11: 105000 | AO11: =AN11+#REF! -> #REF! | AP11: Тошкент вилояти | AQ11: 11 | AR11: 11 | AS11: 0 | AT11: =AS11+#REF! -> #REF! | AU11: 0 | AV11: =AU11+#REF! -> #REF! | AW11: 0 | AX11: =AW11+#REF! -> #REF! | AY11: 0 | AZ11: =AY11+#REF! -> #REF! | BA11: 11 | BB11: =BA11+#REF! -> #REF! | BC11: 6343 | BD11: 6343 | BE11: 12 | BF11: =BE11+#REF! -> #REF! | BG11: 6 | BH11: =BG11+#REF! -> #REF! | BI11: 6200 | BJ11: =BI11+#REF! -> #REF! | BK11: 125 | BL11: =BK11+#REF! -> #REF! | BM11: 0 | BN11: =BM11+#REF! -> #REF! | BO11: 11506 | BP11: 8 | BQ11: =BP11+#REF! -> #REF!
A12: Андижон вилояти | B12: =E12+H12+K12+N12+Q12+T12+W12+Z12+AC12 -> 30164 | C12: =F12+I12+L12+O12+R12+U12+X12+AA12+AD12 -> 237 | D12: =G12+J12+M12+P12+S12+V12+Y12+AB12+AE12 -> #REF! | E12: 909 | F12: 48 | G12: =F12+#REF! -> #REF! | H12: 80 | I12: 5 | J12: =I12+#REF! -> #REF! | K12: 5 | L12: 0 | M12: =L12+#REF! -> #REF! | N12: 820 | O12: 22 | P12: =O12+#REF! -> #REF! | Q12: 549 | R12: 0 | S12: =R12+#REF! -> #REF! | T12: 992 | U12: 0 | V12: =U12+#REF! -> #REF! | W12: 38 | X12: 131 | Y12: =X12+#REF! -> #REF! | Z12: 68 | AA12: 0 | AB12: =AA12+#REF! -> #REF! | AC12: 26703 | AD12: 31 | AE12: =AD12+#REF! -> #REF! | AF12: 30200 | AG12: 30200 | AH12: 8000 | AI12: =AH12+#REF! -> #REF! | AJ12: 9500 | AK12: =AJ12+#REF! -> #REF! | AL12: 6350 | AM12: =AL12+#REF! -> #REF! | AN12: 6350 | AO12: =AN12+#REF! -> #REF! | AP12: Андижон вилояти | AQ12: 128 | AR12: 128 | AS12: 0 | AT12: =AS12+#REF! -> #REF! | AU12: 0 | AV12: =AU12+#REF! -> #REF! | AW12: 0 | AX12: =AW12+#REF! -> #REF! | AY12: 0 | AZ12: =AY12+#REF! -> #REF! | BA12: 128 | BB12: =BA12+#REF! -> #REF! | BC12: 3802 | BD12: 3802 | BE12: 89 | BF12: =BE12+#REF! -> #REF! | BG12: 13 | BH12: =BG12+#REF! -> #REF! | BI12: 3200 | BJ12: =BI12+#REF! -> #REF! | BK12: 500 | BL12: =BK12+#REF! -> #REF! | BM12: 0 | BN12: =BM12+#REF! -> #REF! | BP12: 2 | BQ12: =BP12+#REF! -> #REF!
A13: Бухоро вилояти | B13: =E13+H13+K13+N13+Q13+T13+W13+Z13+AC13 -> 2044 | C13: =F13+I13+L13+O13+R13+U13+X13+AA13+AD13 -> 5 | D13: =G13+J13+M13+P13+S13+V13+Y13+AB13+AE13 -> #REF! | E13: 516 | F13: 2 | G13: =F13+#REF! -> #REF! | H13: 10 | I13: 0 | J13: =I13+#REF! -> #REF! | K13: 38 | L13: 0 | M13: =L13+#REF! -> #REF! | N13: 581 | O13: 1 | P13: =O13+#REF! -> #REF! | Q13: 525 | R13: 0 | S13: =R13+#REF! -> #REF! | T13: 263 | U13: 0 | V13: =U13+#REF! -> #REF! | W13: 43 | X13: 0 | Y13: =X13+#REF! -> #REF! | Z13: 17 | AA13: 0 | AB13: =AA13+#REF! -> #REF! | AC13: 51 | AD13: 2 | AE13: =AD13+#REF! -> #REF! | AF13: 228000 | AG13: 228000 | AH13: 700 | AI13: =AH13+#REF! -> #REF! | AJ13: 7300 | AK13: =AJ13+#REF! -> #REF! | AL13: 20000 | AM13: =AL13+#REF! -> #REF! | AN13: 200000 | AO13: =AN13+#REF! -> #REF! | AP13: Бухоро вилояти | AQ13: 12 | AR13: 12 | AS13: 1 | AT13: =AS13+#REF! -> #REF! | AU13: 1 | AV13: =AU13+#REF! -> #REF! | AW13: 0 | AX13: =AW13+#REF! -> #REF! | AY13: 0 | AZ13: =AY13+#REF! -> #REF! | BA13: 10 | BB13: =BA13+#REF! -> #REF! | BC13: 8304 | BD13: 8304 | BE13: 200 | BF13: =BE13+#REF! -> #REF! | BG13: 4 | BH13: =BG13+#REF! -> #REF! | BI13: 8000 | BJ13: =BI13+#REF! -> #REF! | BK13: 100 | BL13: =BK13+#REF! -> #REF! | BM13: 0 | BN13: =BM13+#REF! -> #REF! | BP13: 1 | BQ13: =BP13+#REF! -> #REF!
A14: Жиззах вилояти | B14: =E14+H14+K14+N14+Q14+T14+W14+Z14+AC14 -> 3916 | C14: =F14+I14+L14+O14+R14+U14+X14+AA14+AD14 -> 146 | D14: =G14+J14+M14+P14+S14+V14+Y14+AB14+AE14 -> #REF! | E14: 304 | F14: 117 | G14: =F14+#REF! -> #REF! | H14: 5 | I14: 0 | J14: =I14+#REF! -> #REF! | K14: 34 | L14: 0 | M14: =L14+#REF! -> #REF! | N14: 583 | O14: 0 | P14: =O14+#REF! -> #REF! | Q14: 254 | R14: 0 | S14: =R14+#REF! -> #REF! | T14: 196 | U14: 0 | V14: =U14+#REF! -> #REF! | W14: 30 | X14: 25 | Y14: =X14+#REF! -> #REF! | Z14: 10 | AA14: 0 | AB14: =AA14+#REF! -> #REF! | AC14: 2500 | AD14: 4 | AE14: =AD14+#REF! -> #REF! | AF14: 190290 | AG14: 190290 | AH14: 1420 | AI14: =AH14+#REF! -> #REF! | AJ14: 12520 | AK14: =AJ14+#REF! -> #REF! | AL14: 11220 | AM14: =AL14+#REF! -> #REF! | AN14: 165130 | AO14: =AN14+#REF! -> #REF! | AP14: Жиззах вилояти | AQ14: 12 | AR14: 12 | AS14: 1 | AT14: =AS14+#REF! -> #REF! | AU14: 0 | AV14: =AU14+#REF! -> #REF! | AW14: 1 | AX14: =AW14+#REF! -> #REF! | AY14: 0 | AZ14: =AY14+#REF! -> #REF! | BA14: 10 | BB14: =BA14+#REF! -> #REF! | BC14: 5302 | BD14: 5302 | BE14: 12 | BF14: =BE14+#REF! -> #REF! | BG14: 5 | BH14: =BG14+#REF! -> #REF! | BI14: 5240 | BJ14: =BI14+#REF! -> #REF! | BK14: 45 | BL14: =BK14+#REF! -> #REF! | BM14: 0 | BN14: =BM14+#REF! -> #REF! | BO14: 2 | BP14: 1 | BQ14: =BP14+#REF! -> #REF!
A15: Қашқадарё вилояти | B15: =E15+H15+K15+N15+Q15+T15+W15+Z15+AC15 -> 3897 | C15: =F15+I15+L15+O15+R15+U15+X15+AA15+AD15 -> 496 | D15: =G15+J15+M15+P15+S15+V15+Y15+AB15+AE15 -> #REF! | E15: 776 | F15: 316 | G15: =F15+#REF! -> #REF! | H15: 9 | I15: 0 | J15: =I15+#REF! -> #REF! | K15: 6 | L15: 0 | M15: =L15+#REF! -> #REF! | N15: 1305 | O15: 0 | P15: =O15+#REF! -> #REF! | Q15: 447 | R15: 0 | S15: =R15+#REF! -> #REF! | T15: 337 | U15: 0 | V15: =U15+#REF! -> #REF! | W15: 78 | X15: 0 | Y15: =X15+#REF! -> #REF! | Z15: 141 | AA15: 0 | AB15: =AA15+#REF! -> #REF! | AC15: 798 | AD15: 180 | AE15: =AD15+#REF! -> #REF! | AF15: 1571173 | AG15: 1565673 | AH15: 1049 | AI15: =AH15+#REF! -> #REF! | AJ15: 5500 | AK15: =AJ15+#REF! -> #REF! | AL15: 782312 | AM15: =AL15+#REF! -> #REF! | AN15: 782312 | AO15: =AN15+#REF! -> #REF! | AP15: Қашқадарё вилояти | AQ15: 4 | AR15: 4 | AS15: 0 | AT15: =AS15+#REF! -> #REF! | AU15: 0 | AV15: =AU15+#REF! -> #REF! | AW15: 0 | AX15: =AW15+#REF! -> #REF! | AY15: 0 | AZ15: =AY15+#REF! -> #REF! | BA15: 4 | BB15: =BA15+#REF! -> #REF! | BC15: 4494 | BD15: 4494 | BE15: 88 | BF15: =BE15+#REF! -> #REF! | BG15: 6 | BH15: =BG15+#REF! -> #REF! | BI15: 2200 | BJ15: =BI15+#REF! -> #REF! | BK15: 2200 | BL15: =BK15+#REF! -> #REF! | BM15: 0 | BN15: =BM15+#REF! -> #REF! | BO15: 6274 | BP15: 2 | BQ15: =BP15+#REF! -> #REF! | BR15: умумий утирганлар билан
A16: Навоий вилояти | B16: =E16+H16+K16+N16+Q16+T16+W16+Z16+AC16 -> 19901 | C16: =F16+I16+L16+O16+R16+U16+X16+AA16+AD16 -> 154 | D16: =G16+J16+M16+P16+S16+V16+Y16+AB16+AE16 -> #REF! | E16: 310 | F16: 61 | G16: =F16+#REF! -> #REF! | H16: 5 | I16: 0 | J16: =I16+#REF! -> #REF! | K16: 3 | L16: 0 | M16: =L16+#REF! -> #REF! | N16: 384 | O16: 0 | P16: =O16+#REF! -> #REF! | Q16: 245 | R16: 0 | S16: =R16+#REF! -> #REF! | T16: 397 | U16: 0 | V16: =U16+#REF! -> #REF! | W16: 24 | X16: 36 | Y16: =X16+#REF! -> #REF! | Z16: 18 | AA16: 0 | AB16: =AA16+#REF! -> #REF! | AC16: 18515 | AD16: 57 | AE16: =AD16+#REF! -> #REF! | AF16: 65462 | AG16: 65462 | AH16: 316 | AI16: =AH16+#REF! -> #REF! | AJ16: 1226 | AK16: =AJ16+#REF! -> #REF! | AL16: 4230 | AM16: =AL16+#REF! -> #REF! | AN16: 59690 | AO16: =AN16+#REF! -> #REF! | AP16: Навоий вилояти | AQ16: 75 | AR16: 75 | AS16: 0 | AT16: =AS16+#REF! -> #REF! | AU16: 0 | AV16: =AU16+#REF! -> #REF! | AW16: 0 | AX16: =AW16+#REF! -> #REF! | AY16: 0 | AZ16: =AY16+#REF! -> #REF! | BA16: 75 | BB16: =BA16+#REF! -> #REF! | BC16: 1567 | BD16: 1567 | BE16: 85 | BF16: =BE16+#REF! -> #REF! | BG16: 2 | BH16: =BG16+#REF! -> #REF! | BI16: 1230 | BJ16: =BI16+#REF! -> #REF! | BK16: 250 | BL16: =BK16+#REF! -> #REF! | BM16: 0 | BN16: =BM16+#REF! -> #REF! | BO16: 2546 | BP16: 0 | BQ16: =BP16+#REF! -> #REF!
A17: Наманган вилояти | B17: =E17+H17+K17+N17+Q17+T17+W17+Z17+AC17 -> 5602 | C17: =F17+I17+L17+O17+R17+U17+X17+AA17+AD17 -> 156 | D17: =G17+J17+M17+P17+S17+V17+Y17+AB17+AE17 -> #REF! | E17: 754 | F17: 86 | G17: =F17+#REF! -> #REF! | H17: 9 | I17: 0 | J17: =I17+#REF! -> #REF! | K17: 5 | L17: 0 | M17: =L17+#REF! -> #REF! | N17: 768 | O17: 0 | P17: =O17+#REF! -> #REF! | Q17: 624 | R17: 0 | S17: =R17+#REF! -> #REF! | T17: 742 | U17: 0 | V17: =U17+#REF! -> #REF! | W17: 54 | X17: 0 | Y17: =X17+#REF! -> #REF! | Z17: 66 | AA17: 0 | AB17: =AA17+#REF! -> #REF! | AC17: 2580 | AD17: 70 | AE17: =AD17+#REF! -> #REF! | AF17: 174300 | AG17: 174300 | AH17: 9500 | AI17: =AH17+#REF! -> #REF! | AJ17: 9800 | AK17: =AJ17+#REF! -> #REF! | AL17: 80000 | AM17: =AL17+#REF! -> #REF! | AN17: 75000 | AO17: =AN17+#REF! -> #REF! | AP17: Наманган вилояти | AQ17: 15 | AR17: 15 | AS17: 1 | AT17: =AS17+#REF! -> #REF! | AU17: 0 | AV17: =AU17+#REF! -> #REF! | AW17: 0 | AX17: =AW17+#REF! -> #REF! | AY17: 0 | AZ17: =AY17+#REF! -> #REF! | BA17: 14 | BB17: =BA17+#REF! -> #REF! | BC17: 1392 | BD17: 1392 | BE17: 38 | BF17: =BE17+#REF! -> #REF! | BG17: 4 | BH17: =BG17+#REF! -> #REF! | BI17: 1200 | BJ17: =BI17+#REF! -> #REF! | BK17: 150 | BL17: =BK17+#REF! -> #REF! | BM17: 0 | BN17: =BM17+#REF! -> #REF! | BO17: 8022 | BP17: 0 | BQ17: =BP17+#REF! -> #REF!
A18: Самарқанд вилояти | B18: =E18+H18+K18+N18+Q18+T18+W18+Z18+AC18 -> 3791 | C18: =F18+I18+L18+O18+R18+U18+X18+AA18+AD18 -> 584 | D18: =G18+J18+M18+P18+S18+V18+Y18+AB18+AE18 -> #REF! | E18: 1063 | F18: 411 | G18: =F18+#REF! -> #REF! | H18: 19 | I18: 0 | J18: =I18+#REF! -> #REF! | K18: 8 | L18: 0 | M18: =L18+#REF! -> #REF! | N18: 1331 | O18: 0 | P18: =O18+#REF! -> #REF! | Q18: 777 | R18: 0 | S18: =R18+#REF! -> #REF! | T18: 318 | U18: 0 | V18: =U18+#REF! -> #REF! | W18: 60 | X18: 173 | Y18: =X18+#REF! -> #REF! | Z18: 72 | AA18: 0 | AB18: =AA18+#REF! -> #REF! | AC18: 143 | AD18: 0 | AE18: =AD18+#REF! -> #REF! | AF18: 418649 | AG18: 418649 | AH18: 1210 | AI18: =AH18+#REF! -> #REF! | AJ18: 6014 | AK18: =AJ18+#REF! -> #REF! | AL18: 17255 | AM18: =AL18+#REF! -> #REF! | AN18: 394170 | AO18: =AN18+#REF! -> #REF! | AP18: Самарқанд вилояти | AQ18: 16 | AR18: 16 | AS18: 1 | AT18: =AS18+#REF! -> #REF! | AU18: 0 | AV18: =AU18+#REF! -> #REF! | AW18: 0 | AX18: =AW18+#REF! -> #REF! | AY18: 0 | AZ18: =AY18+#REF! -> #REF! | BA18: 15 | BB18: =BA18+#REF! -> #REF! | BC18: 5569 | BD18: 5569 | BE18: 0 | BF18: =BE18+#REF! -> #REF! | BG18: 0 | BH18: =BG18+#REF! -> #REF! | BI18: 5215 | BJ18: =BI18+#REF! -> #REF! | BK18: 354 | BL18: =BK18+#REF! -> #REF! | BM18: 0 | BN18: =BM18+#REF! -> #REF! | BO18: 442 | BP18: 0 | BQ18: =BP18+#REF! -> #REF!
A19: Сирдарё вилояти | B19: =E19+H19+K19+N19+Q19+T19+W19+Z19+AC19 -> 1040 | C19: =F19+I19+L19+O19+R19+U19+X19+AA19+AD19 -> 28 | D19: =G19+J19+M19+P19+S19+V19+Y19+AB19+AE19 -> #REF! | E19: 221 | F19: 8 | G19: =F19+#REF! -> #REF! | H19: 5 | I19: 0 | J19: =I19+#REF! -> #REF! | K19: 4 | L19: 0 | M19: =L19+#REF! -> #REF! | N19: 313 | O19: 0 | P19: =O19+#REF! -> #REF! | Q19: 203 | R19: 0 | S19: =R19+#REF! -> #REF! | T19: 241 | U19: 0 | V19: =U19+#REF! -> #REF! | W19: 14 | X19: 7 | Y19: =X19+#REF! -> #REF! | Z19: 7 | AA19: 0 | AB19: =AA19+#REF! -> #REF! | AC19: 32 | AD19: 13 | AE19: =AD19+#REF! -> #REF! | AF19: 4000 | AG19: 4000 | AH19: 600 | AI19: =AH19+#REF! -> #REF! | AJ19: 600 | AK19: =AJ19+#REF! -> #REF! | AL19: 1400 | AM19: =AL19+#REF! -> #REF! | AN19: 1400 | AO19: =AN19+#REF! -> #REF! | AP19: Сирдарё вилояти | AQ19: 0 | AR19: 0 | AT19: =AS19+#REF! -> #REF! | AV19: =AU19+#REF! -> #REF! | AX19: =AW19+#REF! -> #REF! | AZ19: =AY19+#REF! -> #REF! | BB19: =BA19+#REF! -> #REF! | BC19: 0 | BD19: 0 | BF19: =BE19+#REF! -> #REF! | BH19: =BG19+#REF! -> #REF! | BJ19: =BI19+#REF! -> #REF! | BL19: =BK19+#REF! -> #REF! | BN19: =BM19+#REF! -> #REF! | BO19: 2898 | BQ19: =BP19+#REF! -> #REF!
A20: Сурхондарё вилояти | B20: =E20+H20+K20+N20+Q20+T20+W20+Z20+AC20 -> 5228 | C20: =F20+I20+L20+O20+R20+U20+X20+AA20+AD20 -> 375 | D20: =G20+J20+M20+P20+S20+V20+Y20+AB20+AE20 -> #REF! | E20: 723 | F20: 219 | G20: =F20+#REF! -> #REF! | H20: 5 | I20: 1 | J20: =I20+#REF! -> #REF! | K20: 3 | L20: 0 | M20: =L20+#REF! -> #REF! | N20: 975 | O20: 80 | P20: =O20+#REF! -> #REF! | Q20: 1862 | R20: 4 | S20: =R20+#REF! -> #REF! | T20: 35 | U20: 4 | V20: =U20+#REF! -> #REF! | W20: 64 | X20: 6 | Y20: =X20+#REF! -> #REF! | Z20: 15 | AA20: 1 | AB20: =AA20+#REF! -> #REF! | AC20: 1546 | AD20: 60 | AE20: =AD20+#REF! -> #REF! | AF20: 13980 | AG20: 13980 | AH20: 5890 | AI20: =AH20+#REF! -> #REF! | AJ20: 7490 | AK20: =AJ20+#REF! -> #REF! | AL20: 450 | AM20: =AL20+#REF! -> #REF! | AN20: 150 | AO20: =AN20+#REF! -> #REF! | AP20: Сурхондарё вилояти | AQ20: 258 | AR20: 258 | AS20: 1 | AT20: =AS20+#REF! -> #REF! | AU20: 1 | AV20: =AU20+#REF! -> #REF! | AW20: 1 | AX20: =AW20+#REF! -> #REF! | AZ20: =AY20+#REF! -> #REF! | BA20: 255 | BB20: =BA20+#REF! -> #REF! | BC20: 2544 | BD20: 2544 | BE20: 4 | BF20: =BE20+#REF! -> #REF! | BH20: =BG20+#REF! -> #REF! | BI20: 1250 | BJ20: =BI20+#REF! -> #REF! | BK20: 1290 | BL20: =BK20+#REF! -> #REF! | BN20: =BM20+#REF! -> #REF! | BO20: 5854 | BQ20: =BP20+#REF! -> #REF! | BR20: 1862 та давлатники | BU20: 1302 та хусусий
A21: Фарғона | B21: =E21+H21+K21+N21+Q21+T21+W21+Z21+AC21 -> 3266 | C21: =F21+I21+L21+O21+R21+U21+X21+AA21+AD21 -> 226 | D21: =G21+J21+M21+P21+S21+V21+Y21+AB21+AE21 -> #REF! | E21: 1017 | F21: 220 | G21: =F21+#REF! -> #REF! | H21: 8 | I21: 5 | J21: =I21+#REF! -> #REF! | K21: 4 | L21: 0 | M21: =L21+#REF! -> #REF! | N21: 963 | O21: 0 | P21: =O21+#REF! -> #REF! | Q21: 912 | R21: 0 | S21: =R21+#REF! -> #REF! | T21: 199 | U21: 0 | V21: =U21+#REF! -> #REF! | W21: 101 | X21: 0 | Y21: =X21+#REF! -> #REF! | Z21: 42 | AA21: 0 | AB21: =AA21+#REF! -> #REF! | AC21: 20 | AD21: 1 | AE21: =AD21+#REF! -> #REF! | AF21: 260000 | AG21: 260000 | AH21: 2000 | AI21: =AH21+#REF! -> #REF! | AJ21: 58000 | AK21: =AJ21+#REF! -> #REF! | AL21: 10000 | AM21: =AL21+#REF! -> #REF! | AN21: 190000 | AO21: =AN21+#REF! -> #REF! | AP21: Фарғона | AQ21: 12 | AR21: 12 | AS21: 1 | AT21: =AS21+#REF! -> #REF! | AU21: 4 | AV21: =AU21+#REF! -> #REF! | AW21: 1 | AX21: =AW21+#REF! -> #REF! | AY21: 0 | AZ21: =AY21+#REF! -> #REF! | BA21: 6 | BB21: =BA21+#REF! -> #REF! | BC21: 9 | BD21: 9 | BE21: 4 | BF21: =BE21+#REF! -> #REF! | BG21: 0 | BH21: =BG21+#REF! -> #REF! | BI21: 4 | BJ21: =BI21+#REF! -> #REF! | BK21: 0 | BL21: =BK21+#REF! -> #REF! | BM21: 1 | BN21: =BM21+#REF! -> #REF! | BQ21: =BP21+#REF! -> #REF!
A22: Хоразм | B22: =E22+H22+K22+N22+Q22+T22+W22+Z22+AC22 -> 1787 | C22: =F22+I22+L22+O22+R22+U22+X22+AA22+AD22 -> 1953 | D22: =G22+J22+M22+P22+S22+V22+Y22+AB22+AE22 -> #REF! | E22: 509 | F22: 422 | G22: =F22+#REF! -> #REF! | H22: 8 | I22: 241 | J22: =I22+#REF! -> #REF! | K22: 21 | M22: =L22+#REF! -> #REF! | N22: 560 | P22: =O22+#REF! -> #REF! | Q22: 375 | S22: =R22+#REF! -> #REF! | T22: 165 | U22: 42 | V22: =U22+#REF! -> #REF! | W22: 28 | X22: 90 | Y22: =X22+#REF! -> #REF! | Z22: 9 | AB22: =AA22+#REF! -> #REF! | AC22: 112 | AD22: 1158 | AE22: =AD22+#REF! -> #REF! | AF22: 993563 | AG22: 993563 | AH22: 784 | AI22: =AH22+#REF! -> #REF! | AJ22: 7238 | AK22: =AJ22+#REF! -> #REF! | AL22: 5412 | AM22: =AL22+#REF! -> #REF! | AN22: 980129 | AO22: =AN22+#REF! -> #REF! | AP22: Хоразм | AQ22: 635 | AR22: 635 | AT22: =AS22+#REF! -> #REF! | AV22: =AU22+#REF! -> #REF! | AX22: =AW22+#REF! -> #REF! | AZ22: =AY22+#REF! -> #REF! | BA22: 635 | BB22: =BA22+#REF! -> #REF! | BC22: 6489 | BD22: 6489 | BE22: 31 | BF22: =BE22+#REF! -> #REF! | BH22: =BG22+#REF! -> #REF! | BI22: 6400 | BJ22: =BI22+#REF! -> #REF! | BK22: 58 | BL22: =BK22+#REF! -> #REF! | BN22: =BM22+#REF! -> #REF! | BO22: 26 | BP22: 226 | BQ22: =BP22+#REF! -> #REF!
A23: ЖАМИ | B23: =E23+H23+K23+N23+Q23+T23+W23+Z23+AC23 -> 94991 | C23: =F23+I23+L23+O23+R23+U23+X23+AA23+AD23 -> 4515 | D23: =G23+J23+M23+P23+S23+V23+Y23+AB23+AE23 -> #REF! | E23: =+E18+E19+E22+E17+E16+E15+E14+E13+E12+E11+E10+E9+E8 -> 7282 | F23: =SUM(F8:F22) -> 1965 | G23: =SUM(G8:G22) -> #REF! | H23: =+H18+H19+H22+H17+H16+H15+H14+H13+H12+H11+H10+H9+H8 -> 271 | I23: =SUM(I8:I22) -> 252 | J23: =SUM(J8:J22) -> #REF! | K23: =+K18+K19+K22+K17+K16+K15+K14+K13+K12+K11+K10+K9+K8 -> 163 | L23: =SUM(L8:L22) -> 0 | M23: =SUM(M8:M22) -> #REF! | N23: =+N18+N19+N22+N17+N16+N15+N14+N13+N12+N11+N10+N9+N8 -> 8607 | O23: =SUM(O8:O22) -> 103 | P23: =SUM(P8:P22) -> #REF! | Q23: =+Q18+Q19+Q22+Q17+Q16+Q15+Q14+Q13+Q12+Q11+Q10+Q9+Q8 -> 7474 | R23: =SUM(R8:R22) -> 4 | S23: =SUM(S8:S22) -> #REF! | T23: =+T18+T19+T22+T17+T16+T15+T14+T13+T12+T11+T10+T9+T8 -> 4115 | U23: =SUM(U8:U22) -> 46 | V23: =SUM(V8:V22) -> #REF! | W23: =+W18+W19+W22+W17+W16+W15+W14+W13+W12+W11+W10+W9+W8 -> 604 | X23: =SUM(X8:X22) -> 559 | Y23: =SUM(Y8:Y22) -> #REF! | Z23: =+Z18+Z19+Z22+Z17+Z16+Z15+Z14+Z13+Z12+Z11+Z10+Z9+Z8 -> 1629 | AA23: =SUM(AA8:AA22) -> 1 | AB23: =SUM(AB8:AB22) -> #REF! | AC23: =+AC18+AC19+AC22+AC17+AC16+AC15+AC14+AC13+AC12+AC11+AC10+AC9+AC8 -> 64846 | AD23: =SUM(AD8:AD22) -> 1585 | AE23: =SUM(AE8:AE22) -> #REF! | AF23: =SUM(AF8:AF22) -> 4122817 | AG23: =SUM(AG8:AG22) -> 4117317 | AH23: =SUM(AH8:AH22) -> 37669 | AI23: =SUM(AI8:AI22) -> #REF! | AJ23: =SUM(AJ8:AJ22) -> 134188 | AK23: =SUM(AK8:AK22) -> #REF! | ... AO23: =SUM(AO8:AO22) -> #REF! | AP23: ЖАМИ | AQ23: =SUM(AQ8:AQ22) -> 1178 | AR23: =SUM(AR8:AR22) -> 1178 | AS23: =SUM(AS8:AS22) -> 6 | AT23: =SUM(AT8:AT22) -> #REF! | AU23: =SUM(AU8:AU22) -> 6 | AV23: =SUM(AV8:AV22) -> #REF! | AW23: =SUM(AW8:AW22) -> 3 | AX23: =SUM(AX8:AX22) -> #REF! | ... BQ23: =SUM(BQ8:BQ22) -> #REF!

Sheet 01.04.
A1: Худудий бўлинмалар ходимлари томонидан ахборот технологиялари соҳасидаги жиноятларни олдини олиш бўйича амалга оширилган ишлар | AP1: Худудий бўлинмалар ходимлари томонидан ахборот технологиялари соҳасидаги жиноятларни олдини олиш бўйича амалга оширилган ишлар
A2: Ҳ И С О Б О Т Ж А Д В А Л И | AP2: ҲИСОБОТ ЖАДВАЛИ
A3: 1-жадвал 01.03.2026 йил | AP3: 2-жадвал 01.03.2026 йил
A4: Худудлар | B4: Ўтказилган учрашувлар сони март ойи учун | AF4: Учрашувда иштирок этган фуқаролар сони | AP4: Худудлар | AQ4: Оммавий ахборот воситаларида чиқишлар сони | BC4: Тарқатилган материаллар | BO4: Суҳбатлар
B5: ЖАМИ | E5: маҳаллалар | H5: олий таълим муассасалари | K5: академик лицейлар | N5: ўрта таълим муассасалари | Q5: мактабгача таълим муассасалари | T5: касалхона ва поликлиника | W5: бозорлар | Z5: ҲМҚОрганлари | AC5: бошқа идора ва ташкилотлар | AF5: ЖАМИ | AH5: учрашувлар давомида | AL5: Онлайн тарғибот давомида
AH6: 18 ёшгача | AJ6: 18 ёшдан катта | AL6: 18 ёшгача | AN6: 18 ёшдан катта | AQ6: Жами | AS6: телевидения | AU6: радио | AW6: газета | AY6: журнал | BA6: интернет (ижтимоий тармоқлар) | BC6: Жами | BE6: Видеоролик ва кон | BG6: Баннер | BI6: Флаер | BK6: Буклет | BM6: Бошқа | BO6: Пробация рўйғатида турувчи шахслар билан ўтказилган суҳбат
B7: сони | C7: бир кунда | D7: ой бошидан | E7: сони | F7: бир кунда | G7: ой бошидан | H7: сони | I7: бир кунда | J7: ой бошидан | K7: сони | L7: бир кунда | M7: ой бошидан | N7: сони | O7: бир кунда | P7: ой бошидан | Q7: сони | R7: бир кунда | S7: ой бошидан | T7: сони | U7: бир кунда | V7: ой бошидан | W7: сони | X7: бир кунда | Y7: ой бошидан | Z7: сони | AA7: бир кунда | AB7: ой бошидан | AC7: сони | AD7: бир кунда | AE7: ой бошидан | AF7: бир кунда | AG7: ой бошидан | AH7: бир кунда | AI7: ой бошидан | AJ7: бир кунда | AK7: ой бошидан | AL7: бир кунда | AM7: ой бошидан | AN7: бир кунда | AO7: ой бошидан | AQ7: бир кунда | AR7: ой бошидан | AS7: бир кунда | AT7: ой бошидан | AU7: бир кунда | AV7: ой бошидан | AW7: бир кунда | AX7: ой бошидан | AY7: бир кунда | AZ7: ой бошидан | BA7: бир кунда | BB7: ой бошидан | BC7: бир кунда | BD7: ой бошидан | BE7: бир кунда | BF7: ой бошидан | BG7: бир кунда | BH7: ой бошидан | BI7: бир кунда | BJ7: ой бошидан | BK7: бир кунда | BL7: ой бошидан | BM7: бир кунда | BN7: ой бошидан | BO7: Сони | BP7: бир кунда | BQ7: ой бошидан
A8: ИИВ | B8: =E8+H8+K8+N8+Q8+T8+W8+Z8+AC8 -> 0 | C8: =F8+I8+L8+O8+R8+U8+X8+AA8+AD8 -> 0 | D8: =G8+J8+M8+P8+S8+V8+Y8+AB8+AE8 -> 0 | G8: =F8 -> 0 | J8: =I8 -> 0 | M8: =L8 -> 0 | P8: =O8 -> 0 | S8: =R8 -> 0 | V8: =U8 -> 0 | Y8: =X8 -> 0 | AB8: =AA8 -> 0 | AE8: =AD8 -> 0 | AF8: =AH8+AJ8+AL8+AN8 -> 0 | AG8: =AI8+AK8+AM8+AO8 -> 0 | AI8: =AH8 -> 0 | AK8: =AJ8 -> 0 | AM8: =AL8 -> 0 | AO8: =AN8 -> 0 | AP8: ИИВ | AQ8: =AS8+AU8+AW8+AY8+BA8 -> 0 | AR8: =AT8+AV8+AX8+AZ8+BB8 -> 0 | AT8: =AS8 -> 0 | AV8: =AU8 -> 0 | AX8: =AW8 -> 0 | AZ8: =AY8 -> 0 | BB8: =BA8 -> 0 | BC8: =BE8+BG8+BI8+BK8+BM8 -> 0 | BD8: =BF8+BH8+BJ8+BL8+BN8 -> 0 | BF8: =BE8 -> 0 | BH8: =BG8 -> 0 | BJ8: =BI8 -> 0 | BL8: =BK8 -> 0 | BQ8: =BP8 -> 0
A9: ҚКР | B9: =E9+H9+K9+N9+Q9+T9+W9+Z9+AC9 -> 3841 | C9: =F9+I9+L9+O9+R9+U9+X9+AA9+AD9 -> 0 | D9: =G9+J9+M9+P9+S9+V9+Y9+AB9+AE9 -> 0 | E9: 452 | G9: =F9 -> 0 | H9: 12 | J9: =I9 -> 0 | K9: 2 | M9: =L9 -> 0 | N9: 735 | P9: =O9 -> 0 | Q9: 502 | S9: =R9 -> 0 | T9: 197 | V9: =U9 -> 0 | W9: 47 | Y9: =X9 -> 0 | Z9: 34 | AB9: =AA9 -> 0 | AC9: 1860 | AE9: =AD9 -> 0 | AF9: =AH9+AJ9+AL9+AN9 -> 0 | AG9: =AI9+AK9+AM9+AO9 -> 0 | AI9: =AH9 -> 0 | AK9: =AJ9 -> 0 | AM9: =AL9 -> 0 | AO9: =AN9 -> 0 | AP9: ҚКР | AQ9: =AS9+AU9+AW9+AY9+BA9 -> 0 | AR9: =AT9+AV9+AX9+AZ9+BB9 -> 0 | AT9: =AS9 -> 0 | AV9: =AU9 -> 0 | AX9: =AW9 -> 0 | AZ9: =AY9 -> 0 | BB9: =BA9 -> 0 | BC9: =BE9+BG9+BI9+BK9+BM9 -> 0 | BD9: =BF9+BH9+BJ9+BL9+BN9 -> 0 | BF9: =BE9 -> 0 | BH9: =BG9 -> 0 | BJ9: =BI9 -> 0 | BL9: =BK9 -> 0 | BN9: =BM9 -> 0 | BO9: 14 | BQ9: =BP9 -> 0
A10: Тошкент шаҳри | B10: =E10+H10+K10+N10+Q10+T10+W10+Z10+AC10 -> 3627 | C10: =F10+I10+L10+O10+R10+U10+X10+AA10+AD10 -> 0 | D10: =G10+J10+M10+P10+S10+V10+Y10+AB10+AE10 -> 0 | E10: 585 | F10: 0 | G10: =F10 -> 0 | H10: 93 | I10: 0 | J10: =I10 -> 0 | K10: 34 | L10: 0 | M10: =L10 -> 0 | N10: 352 | O10: 0 | P10: =O10 -> 0 | Q10: 549 | R10: 0 | S10: =R10 -> 0 | T10: 198 | U10: 0 | V10: =U10 -> 0 | W10: 55 | X10: 0 | Y10: =X10 -> 0 | Z10: 71 | AA10: 0 | AB10: =AA10 -> 0 | AC10: 1690 | AD10: 0 | AE10: =AD10 -> 0 | AF10: =AH10+AJ10+AL10+AN10 -> 0 | AG10: =AI10+AK10+AM10+AO10 -> 0 | AH10: 0 | AI10: =AH10 -> 0 | AJ10: 0 | AK10: =AJ10 -> 0 | AL10: 0 | AM10: =AL10 -> 0 | AN10: 0 | AO10: =AN10 -> 0 | AP10: Тошкент шаҳри | AQ10: =AS10+AU10+AW10+AY10+BA10 -> 0 | AR10: =AT10+AV10+AX10+AZ10+BB10 -> 0 | AS10: 0 | AT10: =AS10 -> 0 | AU10: 0 | AV10: =AU10 -> 0 | AW10: 0 | AX10: =AW10 -> 0 | AY10: 0 | AZ10: =AY10 -> 0 | BA10: 0 | BB10: =BA10 -> 0 | BC10: =BE10+BG10+BI10+BK10+BM10 -> 0 | BD10: =BF10+BH10+BJ10+BL10+BN10 -> 0 | BE10: 0 | BF10: =BE10 -> 0 | BG10: 0 | BH10: =BG10 -> 0 | BI10: 0 | BJ10: =BI10 -> 0 | BK10: 0 | BL10: =BK10 -> 0 | BM10: 0 | BN10: =BM10 -> 0 | BO10: 32 | BP10: 0 | BQ10: =BP10 -> 0
A11: Тошкент вилояти | B11: =E11+H11+K11+N11+Q11+T11+W11+Z11+AC11 -> 15381 | C11: =F11+I11+L11+O11+R11+U11+X11+AA11+AD11 -> 155 | D11: =G11+J11+M11+P11+S11+V11+Y11+AB11+AE11 -> 155 | E11: 883 | F11: 55 | G11: =F11 -> 55 | H11: 16 | I11: 0 | J11: =I11 -> 0 | K11: 3 | L11: 0 | M11: =L11 -> 0 | N11: 875 | O11: 0 | P11: =O11 -> 0 | Q11: 2424 | R11: 0 | S11: =R11 -> 0 | T11: 69 | U11: 0 | V11: =U11 -> 0 | W11: 133 | X11: 91 | Y11: =X11 -> 91 | Z11: 1116 | AA11: 0 | AB11: =AA11 -> 0 | AC11: 9862 | AD11: 9 | AE11: =AD11 -> 9 | AF11: =AH11+AJ11+AL11+AN11 -> 173200 | AG11: =AI11+AK11+AM11+AO11 -> 173200 | AH11: 6200 | AI11: =AH11 -> 6200 | AJ11: 9000 | AK11: =AJ11 -> 9000 | AL11: 53000 | AM11: =AL11 -> 53000 | AN11: 105000 | AO11: =AN11 -> 105000 | AP11: Тошкент вилояти | AQ11: =AS11+AU11+AW11+AY11+BA11 -> 11 | AR11: =AT11+AV11+AX11+AZ11+BB11 -> 11 | AS11: 0 | AT11: =AS11 -> 0 | AU11: 0 | AV11: =AU11 -> 0 | AW11: 0 | AX11: 0 | AY11: 0 | AZ11: =AY11 -> 0 | BA11: 11 | BB11: =BA11 -> 11 | BC11: =BE11+BG11+BI11+BK11+BM11 -> 6343 | BD11: =BF11+BH11+BJ11+BL11+BN11 -> 6343 | BE11: 12 | BF11: =BE11 -> 12 | BG11: 6 | BH11: =BG11 -> 6 | BI11: 6200 | BJ11: =BI11 -> 6200 | BK11: 125 | BL11: =BK11 -> 125 | BM11: 0 | BN11: =BM11 -> 0 | BO11: 11506 | BP11: 8 | BQ11: =BP11 -> 8
A12: Андижон вилояти | B12: =E12+H12+K12+N12+Q12+T12+W12+Z12+AC12 -> 30164 | C12: =F12+I12+L12+O12+R12+U12+X12+AA12+AD12 -> 237 | D12: =G12+J12+M12+P12+S12+V12+Y12+AB12+AE12 -> 237 | E12: 909 | F12: 48 | G12: =F12 -> 48 | H12: 80 | I12: 5 | J12: =I12 -> 5 | K12: 5 | L12: 0 | M12: =L12 -> 0 | N12: 820 | O12: 22 | P12: =O12 -> 22 | Q12: 549 | R12: 0 | S12: =R12 -> 0 | T12: 992 | U12: 0 | V12: =U12 -> 0 | W12: 38 | X12: 131 | Y12: =X12 -> 131 | Z12: 68 | AA12: 0 | AB12: =AA12 -> 0 | AC12: 26703 | AD12: 31 | AE12: =AD12 -> 31 | AF12: =AH12+AJ12+AL12+AN12 -> 30200 | AG12: =AI12+AK12+AM12+AO12 -> 30200 | AH12: 8000 | AI12: =AH12 -> 8000 | AJ12: 9500 | AK12: =AJ12 -> 9500 | AL12: 6350 | AM12: =AL12 -> 6350 | AN12: 6350 | AO12: =AN12 -> 6350 | AP12: Андижон вилояти | AQ12: =AS12+AU12+AW12+AY12+BA12 -> 128 | AR12: =AT12+AV12+AX12+AZ12+BB12 -> 128 | AS12: 0 | AT12: =AS12 -> 0 | AU12: 0 | AV12: =AU12 -> 0 | AW12: 0 | AX12: =AW12 -> 0 | AY12: 0 | AZ12: =AY12 -> 0 | BA12: 128 | BB12: =BA12 -> 128 | BC12: =BE12+BG12+BI12+BK12+BM12 -> 3802 | BD12: =BF12+BH12+BJ12+BL12+BN12 -> 3802 | BE12: 89 | BF12: =BE12 -> 89 | BG12: 13 | BH12: =BG12 -> 13 | BI12: 3200 | BJ12: =BI12 -> 3200 | BK12: 500 | BL12: =BK12 -> 500 | BM12: 0 | BN12: =BM12 -> 0 | BP12: 2 | BQ12: =BP12 -> 2
A13: Бухоро вилояти | B13: =E13+H13+K13+N13+Q13+T13+W13+Z13+AC13 -> 2044 | C13: =F13+I13+L13+O13+R13+U13+X13+AA13+AD13 -> 5 | D13: =G13+J13+M13+P13+S13+V13+Y13+AB13+AE13 -> 5 | E13: 516 | F13: 2 | G13: =F13 -> 2 | H13: 10 | I13: 0 | J13: =I13 -> 0 | K13: 38 | L13: 0 | M13: =L13 -> 0 | N13: 581 | O13: 1 | P13: =O13 -> 1 | Q13: 525 | R13: 0 | S13: =R13 -> 0 | T13: 263 | U13: 0 | V13: =U13 -> 0 | W13: 43 | X13: 0 | Y13: =X13 -> 0 | Z13: 17 | AA13: 0 | AB13: =AA13 -> 0 | AC13: 51 | AD13: 2 | AE13: =AD13 -> 2 | AF13: =AH13+AJ13+AL13+AN13 -> 228000 | AG13: =AI13+AK13+AM13+AO13 -> 228000 | AH13: 700 | AI13: =AH13 -> 700 | AJ13: 7300 | AK13: =AJ13 -> 7300 | AL13: 20000 | AM13: =AL13 -> 20000 | AN13: 200000 | AO13: =AN13 -> 200000 | AP13: Бухоро вилояти | AQ13: =AS13+AU13+AW13+AY13+BA13 -> 12 | AR13: =AT13+AV13+AX13+AZ13+BB13 -> 12 | AS13: 1 | AT13: =AS13 -> 1 | AU13: 1 | AV13: =AU13 -> 1 | AW13: 0 | AX13: =AW13 -> 0 | AY13: 0 | AZ13: =AY13 -> 0 | BA13: 10 | BB13: =BA13 -> 10 | BC13: =BE13+BG13+BI13+BK13+BM13 -> 8304 | BD13: =BF13+BH13+BJ13+BL13+BN13 -> 8304 | BE13: 200 | BF13: =BE13 -> 200 | BG13: 4 | BH13: =BG13 -> 4 | BI13: 8000 | BJ13: =BI13 -> 8000 | BK13: 100 | BL13: =BK13 -> 100 | BM13: 0 | BN13: =BM13 -> 0 | BP13: 1 | BQ13: =BP13 -> 1
A14: Жиззах вилояти | B14: =E14+H14+K14+N14+Q14+T14+W14+Z14+AC14 -> 3916 | C14: =F14+I14+L14+O14+R14+U14+X14+AA14+AD14 -> 146 | D14: =G14+J14+M14+P14+S14+V14+Y14+AB14+AE14 -> 146 | E14: 304 | F14: 117 | G14: =F14 -> 117 | H14: 5 | I14: 0 | J14: =I14 -> 0 | K14: 34 | L14: 0 | M14: =L14 -> 0 | N14: 583 | O14: 0 | P14: =O14 -> 0 | Q14: 254 | R14: 0 | S14: =R14 -> 0 | T14: 196 | U14: 0 | V14: =U14 -> 0 | W14: 30 | X14: 25 | Y14: =X14 -> 25 | Z14: 10 | AA14: 0 | AB14: =AA14 -> 0 | AC14: 2500 | AD14: 4 | AE14: =AD14 -> 4 | AF14: =AH14+AJ14+AL14+AN14 -> 190290 | AG14: =AI14+AK14+AM14+AO14 -> 190290 | AH14: 1420 | AI14: =AH14 -> 1420 | AJ14: 12520 | AK14: =AJ14 -> 12520 | AL14: 11220 | AM14: =AL14 -> 11220 | AN14: 165130 | AO14: =AN14 -> 165130 | AP14: Жиззах вилояти | AQ14: =AS14+AU14+AW14+AY14+BA14 -> 12 | AR14: =AT14+AV14+AX14+AZ14+BB14 -> 12 | AS14: 1 | AT14: =AS14 -> 1 | AU14: 0 | AV14: 0 | AW14: 1 | AX14: =AW14 -> 1 | AY14: 0 | AZ14: =AY14 -> 0 | BA14: 10 | BB14: =BA14 -> 10 | BC14: =BE14+BG14+BI14+BK14+BM14 -> 5302 | BD14: =BF14+BH14+BJ14+BL14+BN14 -> 5302 | BE14: 12 | BF14: =BE14 -> 12 | BG14: 5 | BH14: =BG14 -> 5 | BI14: 5240 | BJ14: =BI14 -> 5240 | BK14: 45 | BL14: =BK14 -> 45 | BM14: 0 | BN14: =BM14 -> 0 | BO14: 2 | BP14: 1 | BQ14: =BP14 -> 1
A15: Қашқадарё вилояти | B15: =E15+H15+K15+N15+Q15+T15+W15+Z15+AC15 -> 3897 | C15: =F15+I15+L15+O15+R15+U15+X15+AA15+AD15 -> 496 | D15: =G15+J15+M15+P15+S15+V15+Y15+AB15+AE15 -> 496 | E15: 776 | F15: 316 | G15: =F15 -> 316 | H15: 9 | I15: 0 | J15: =I15 -> 0 | K15: 6 | L15: 0 | M15: =L15 -> 0 | N15: 1305 | O15: 0 | P15: =O15 -> 0 | Q15: 447 | R15: 0 | S15: =R15 -> 0 | T15: 337 | U15: 0 | V15: =U15 -> 0 | W15: 78 | X15: 0 | Y15: =X15 -> 0 | Z15: 141 | AA15: 0 | AB15: =AA15 -> 0 | AC15: 798 | AD15: 180 | AE15: =AD15 -> 180 | AF15: =AH15+AJ15+AL15+AN15 -> 1571173 | AG15: =AI15+AK15+AM15+AO15 -> 1565673 | AH15: 1049 | AI15: =AH15 -> 1049 | AJ15: 5500 | AK15: 0 | AL15: 782312 | AM15: =AL15 -> 782312 | AN15: 782312 | AO15: =AN15 -> 782312 | AP15: Қашқадарё вилояти | AQ15: =AS15+AU15+AW15+AY15+BA15 -> 4 | AR15: =AT15+AV15+AX15+AZ15+BB15 -> 4 | AS15: 0 | AT15: =AS15 -> 0 | AU15: 0 | AV15: =AU15 -> 0 | AW15: 0 | AX15: =AW15 -> 0 | AY15: 0 | AZ15: =AY15 -> 0 | BA15: 4 | BB15: =BA15 -> 4 | BC15: =BE15+BG15+BI15+BK15+BM15 -> 4494 | BD15: =BF15+BH15+BJ15+BL15+BN15 -> 4494 | BE15: 88 | BF15: =BE15 -> 88 | BG15: 6 | BH15: =BG15 -> 6 | BI15: 2200 | BJ15: =BI15 -> 2200 | BK15: 2200 | BL15: =BK15 -> 2200 | BM15: 0 | BN15: =BM15 -> 0 | BO15: 6274 | BP15: 2 | BQ15: =BP15 -> 2 | BR15: умумий утирганлар билан
A16: Навоий вилояти | B16: =E16+H16+K16+N16+Q16+T16+W16+Z16+AC16 -> 19901 | C16: =F16+I16+L16+O16+R16+U16+X16+AA16+AD16 -> 154 | D16: =G16+J16+M16+P16+S16+V16+Y16+AB16+AE16 -> 154 | E16: 310 | F16: 61 | G16: =F16 -> 61 | H16: 5 | I16: 0 | J16: =I16 -> 0 | K16: 3 | L16: 0 | M16: =L16 -> 0 | N16: 384 | O16: 0 | P16: =O16 -> 0 | Q16: 245 | R16: 0 | S16: =R16 -> 0 | T16: 397 | U16: 0 | V16: =U16 -> 0 | W16: 24 | X16: 36 | Y16: =X16 -> 36 | Z16: 18 | AA16: 0 | AB16: =AA16 -> 0 | AC16: 18515 | AD16: 57 | AE16: =AD16 -> 57 | AF16: =AH16+AJ16+AL16+AN16 -> 65462 | AG16: =AI16+AK16+AM16+AO16 -> 65462 | AH16: 316 | AI16: =AH16 -> 316 | AJ16: 1226 | AK16: =AJ16 -> 1226 | AL16: 4230 | AM16: =AL16 -> 4230 | AN16: 59690 | AO16: =AN16 -> 59690 | AP16: Навоий вилояти | AQ16: =AS16+AU16+AW16+AY16+BA16 -> 75 | AR16: =AT16+AV16+AX16+AZ16+BB16 -> 75 | AS16: 0 | AT16: =AS16 -> 0 | AU16: 0 | AV16: =AU16 -> 0 | AW16: 0 | AX16: =AW16 -> 0 | AY16: 0 | AZ16: =AY16 -> 0 | BA16: 75 | BB16: =BA16 -> 75 | BC16: =BE16+BG16+BI16+BK16+BM16 -> 1567 | BD16: =BF16+BH16+BJ16+BL16+BN16 -> 1567 | BE16: 85 | BF16: =BE16 -> 85 | BG16: 2 | BH16: =BG16 -> 2 | BI16: 1230 | BJ16: =BI16 -> 1230 | BK16: 250 | BL16: =BK16 -> 250 | BM16: 0 | BN16: =BM16 -> 0 | BO16: 2546 | BP16: 0 | BQ16: =BP16 -> 0
A17: Наманган вилояти | B17: =E17+H17+K17+N17+Q17+T17+W17+Z17+AC17 -> 5602 | C17: =F17+I17+L17+O17+R17+U17+X17+AA17+AD17 -> 156 | D17: =G17+J17+M17+P17+S17+V17+Y17+AB17+AE17 -> 156 | E17: 754 | F17: 86 | G17: =F17 -> 86 | H17: 9 | I17: 0 | J17: =I17 -> 0 | K17: 5 | L17: 0 | M17: =L17 -> 0 | N17: 768 | O17: 0 | P17: =O17 -> 0 | Q17: 624 | R17: 0 | S17: =R17 -> 0 | T17: 742 | U17: 0 | V17: =U17 -> 0 | W17: 54 | X17: 0 | Y17: =X17 -> 0 | Z17: 66 | AA17: 0 | AB17: =AA17 -> 0 | AC17: 2580 | AD17: 70 | AE17: =AD17 -> 70 | AF17: =AH17+AJ17+AL17+AN17 -> 174300 | AG17: =AI17+AK17+AM17+AO17 -> 174300 | AH17: 9500 | AI17: =AH17 -> 9500 | AJ17: 9800 | AK17: =AJ17 -> 9800 | AL17: 80000 | AM17: =AL17 -> 80000 | AN17: 75000 | AO17: =AN17 -> 75000 | AP17: Наманган вилояти | AQ17: =AS17+AU17+AW17+AY17+BA17 -> 15 | AR17: =AT17+AV17+AX17+AZ17+BB17 -> 15 | AS17: 1 | AT17: =AS17 -> 1 | AU17: 0 | AV17: =AU17 -> 0 | AW17: 0 | AX17: =AW17 -> 0 | AY17: 0 | AZ17: =AY17 -> 0 | BA17: 14 | BB17: =BA17 -> 14 | BC17: =BE17+BG17+BI17+BK17+BM17 -> 1392 | BD17: =BF17+BH17+BJ17+BL17+BN17 -> 1392 | BE17: 38 | BF17: =BE17 -> 38 | BG17: 4 | BH17: =BG17 -> 4 | BI17: 1200 | BJ17: =BI17 -> 1200 | BK17: 150 | BL17: =BK17 -> 150 | BM17: 0 | BN17: =BM17 -> 0 | BO17: 8022 | BP17: 0 | BQ17: =BP17 -> 0
A18: Самарқанд вилояти | B18: =E18+H18+K18+N18+Q18+T18+W18+Z18+AC18 -> 3791 | C18: =F18+I18+L18+O18+R18+U18+X18+AA18+AD18 -> 584 | D18: =G18+J18+M18+P18+S18+V18+Y18+AB18+AE18 -> 584 | E18: 1063 | F18: 411 | G18: =F18 -> 411 | H18: 19 | I18: 0 | J18: =I18 -> 0 | K18: 8 | L18: 0 | M18: =L18 -> 0 | N18: 1331 | O18: 0 | P18: =O18 -> 0 | Q18: 777 | R18: 0 | S18: =R18 -> 0 | T18: 318 | U18: 0 | V18: =U18 -> 0 | W18: 60 | X18: 173 | Y18: =X18 -> 173 | Z18: 72 | AA18: 0 | AB18: =AA18 -> 0 | AC18: 143 | AD18: 0 | AE18: =AD18 -> 0 | AF18: =AH18+AJ18+AL18+AN18 -> 418649 | AG18: =AI18+AK18+AM18+AO18 -> 418649 | AH18: 1210 | AI18: =AH18 -> 1210 | AJ18: 6014 | AK18: =AJ18 -> 6014 | AL18: 17255 | AM18: =AL18 -> 17255 | AN18: 394170 | AO18: =AN18 -> 394170 | AP18: Самарқанд вилояти | AQ18: =AS18+AU18+AW18+AY18+BA18 -> 16 | AR18: =AT18+AV18+AX18+AZ18+BB18 -> 16 | AS18: 1 | AT18: =AS18 -> 1 | AU18: 0 | AV18: 0 | AW18: 0 | AX18: =AW18 -> 0 | AY18: 0 | AZ18: =AY18 -> 0 | BA18: 15 | BB18: =BA18 -> 15 | BC18: =BE18+BG18+BI18+BK18+BM18 -> 5569 | BD18: =BF18+BH18+BJ18+BL18+BN18 -> 5569 | BE18: 0 | BF18: =BE18 -> 0 | BG18: 0 | BH18: =BG18 -> 0 | BI18: 5215 | BJ18: =BI18 -> 5215 | BK18: 354 | BL18: =BK18 -> 354 | BM18: 0 | BN18: =BM18 -> 0 | BO18: 442 | BP18: 0 | BQ18: =BP18 -> 0
A19: Сирдарё вилояти | B19: =E19+H19+K19+N19+Q19+T19+W19+Z19+AC19 -> 1040 | C19: =F19+I19+L19+O19+R19+U19+X19+AA19+AD19 -> 28 | D19: =G19+J19+M19+P19+S19+V19+Y19+AB19+AE19 -> 28 | E19: 221 | F19: 8 | G19: =F19 -> 8 | H19: 5 | I19: 0 | J19: =I19 -> 0 | K19: 4 | L19: 0 | M19: =L19 -> 0 | N19: 313 | O19: 0 | P19: =O19 -> 0 | Q19: 203 | R19: 0 | S19: =R19 -> 0 | T19: 241 | U19: 0 | V19: =U19 -> 0 | W19: 14 | X19: 7 | Y19: =X19 -> 7 | Z19: 7 | AA19: 0 | AB19: =AA19 -> 0 | AC19: 32 | AD19: 13 | AE19: =AD19 -> 13 | AF19: =AH19+AJ19+AL19+AN19 -> 4000 | AG19: =AI19+AK19+AM19+AO19 -> 4000 | AH19: 600 | AI19: =AH19 -> 600 | AJ19: 600 | AK19: =AJ19 -> 600 | AL19: 1400 | AM19: =AL19 -> 1400 | AN19: 1400 | AO19: =AN19 -> 1400 | AP19: Сирдарё вилояти | AQ19: =AS19+AU19+AW19+AY19+BA19 -> 0 | AR19: =AT19+AV19+AX19+AZ19+BB19 -> 0 | AT19: =AS19 -> 0 | AV19: =AU19 -> 0 | AX19: =AW19 -> 0 | AZ19: =AY19 -> 0 | BB19: =BA19 -> 0 | BC19: =BE19+BG19+BI19+BK19+BM19 -> 0 | BD19: =BF19+BH19+BJ19+BL19+BN19 -> 0 | BF19: =BE19 -> 0 | BH19: =BG19 -> 0 | BJ19: =BI19 -> 0 | BL19: =BK19 -> 0 | BN19: =BM19 -> 0 | BO19: 2898 | BQ19: =BP19 -> 0
A20: Сурхондарё вилояти | B20: =E20+H20+K20+N20+Q20+T20+W20+Z20+AC20 -> 5228 | C20: =F20+I20+L20+O20+R20+U20+X20+AA20+AD20 -> 375 | D20: =G20+J20+M20+P20+S20+V20+Y20+AB20+AE20 -> 375 | E20: 723 | F20: 219 | G20: =F20 -> 219 | H20: 5 | I20: 1 | J20: =I20 -> 1 | K20: 3 | L20: 0 | M20: =L20 -> 0 | N20: 975 | O20: 80 | P20: =O20 -> 80 | Q20: 1862 | R20: 4 | S20: =R20 -> 4 | T20: 35 | U20: 4 | V20: =U20 -> 4 | W20: 64 | X20: 6 | Y20: =X20 -> 6 | Z20: 15 | AA20: 1 | AB20: =AA20 -> 1 | AC20: 1546 | AD20: 60 | AE20: =AD20 -> 60 | AF20: =AH20+AJ20+AL20+AN20 -> 13980 | AG20: =AI20+AK20+AM20+AO20 -> 13980 | AH20: 5890 | AI20: =AH20 -> 5890 | AJ20: 7490 | AK20: =AJ20 -> 7490 | AL20: 450 | AM20: =AL20 -> 450 | AN20: 150 | AO20: =AN20 -> 150 | AP20: Сурхондарё вилояти | AQ20: =AS20+AU20+AW20+AY20+BA20 -> 258 | AR20: =AT20+AV20+AX20+AZ20+BB20 -> 258 | AS20: 1 | AT20: =AS20 -> 1 | AU20: 1 | AV20: =AU20 -> 1 | AW20: 1 | AX20: =AW20 -> 1 | AZ20: =AY20 -> 0 | BA20: 255 | BB20: =BA20 -> 255 | BC20: =BE20+BG20+BI20+BK20+BM20 -> 2544 | BD20: =BF20+BH20+BJ20+BL20+BN20 -> 2544 | BE20: 4 | BF20: =BE20 -> 4 | BH20: =BG20 -> 0 | BI20: 1250 | BJ20: =BI20 -> 1250 | BK20: 1290 | BL20: =BK20 -> 1290 | BN20: =BM20 -> 0 | BO20: 5854 | BQ20: =BP20 -> 0 | BR20: 1862 та давлатники | BU20: 1302 та хусусий
A21: Фарғона | B21: =E21+H21+K21+N21+Q21+T21+W21+Z21+AC21 -> 3266 | C21: =F21+I21+L21+O21+R21+U21+X21+AA21+AD21 -> 226 | D21: =G21+J21+M21+P21+S21+V21+Y21+AB21+AE21 -> 226 | E21: 1017 | F21: 220 | G21: =F21 -> 220 | H21: 8 | I21: 5 | J21: =I21 -> 5 | K21: 4 | L21: 0 | M21: =L21 -> 0 | N21: 963 | O21: 0 | P21: =O21 -> 0 | Q21: 912 | R21: 0 | S21: =R21 -> 0 | T21: 199 | U21: 0 | V21: =U21 -> 0 | W21: 101 | X21: 0 | Y21: =X21 -> 0 | Z21: 42 | AA21: 0 | AB21: =AA21 -> 0 | AC21: 20 | AD21: 1 | AE21: =AD21 -> 1 | AF21: =AH21+AJ21+AL21+AN21 -> 260000 | AG21: =AI21+AK21+AM21+AO21 -> 260000 | AH21: 2000 | AI21: =AH21 -> 2000 | AJ21: 58000 | AK21: =AJ21 -> 58000 | AL21: 10000 | AM21: =AL21 -> 10000 | AN21: 190000 | AO21: =AN21 -> 190000 | AP21: Фарғона | AQ21: =AS21+AU21+AW21+AY21+BA21 -> 12 | AR21: =AT21+AV21+AX21+AZ21+BB21 -> 12 | AS21: 1 | AT21: =AS21 -> 1 | AU21: 4 | AV21: =AU21 -> 4 | AW21: 1 | AX21: =AW21 -> 1 | AY21: 0 | AZ21: =AY21 -> 0 | BA21: 6 | BB21: =BA21 -> 6 | BC21: =BE21+BG21+BI21+BK21+BM21 -> 9 | BD21: =BF21+BH21+BJ21+BL21+BN21 -> 9 | BE21: 4 | BF21: =BE21 -> 4 | BG21: 0 | BH21: =BG21 -> 0 | BI21: 4 | BJ21: =BI21 -> 4 | BK21: 0 | BL21: =BK21 -> 0 | BM21: 1 | BN21: =BM21 -> 1 | BQ21: =BP21 -> 0
A22: Хоразм | B22: =E22+H22+K22+N22+Q22+T22+W22+Z22+AC22 -> 1787 | C22: =F22+I22+L22+O22+R22+U22+X22+AA22+AD22 -> 1953 | D22: =G22+J22+M22+P22+S22+V22+Y22+AB22+AE22 -> 1953 | E22: 509 | F22: 422 | G22: =F22 -> 422 | H22: 8 | I22: 241 | J22: =I22 -> 241 | K22: 21 | M22: =L22 -> 0 | N22: 560 | P22: =O22 -> 0 | Q22: 375 | S22: =R22 -> 0 | T22: 165 | U22: 42 | V22: =U22 -> 42 | W22: 28 | X22: 90 | Y22: =X22 -> 90 | Z22: 9 | AB22: =AA22 -> 0 | AC22: 112 | AD22: 1158 | AE22: =AD22 -> 1158 | AF22: =AH22+AJ22+AL22+AN22 -> 993563 | AG22: =AI22+AK22+AM22+AO22 -> 993563 | AH22: 784 | AI22: =AH22 -> 784 | AJ22: 7238 | AK22: =AJ22 -> 7238 | AL22: 5412 | AM22: =AL22 -> 5412 | AN22: 980129 | AO22: =AN22 -> 980129 | AP22: Хоразм | AQ22: =AS22+AU22+AW22+AY22+BA22 -> 635 | AR22: =AT22+AV22+AX22+AZ22+BB22 -> 635 | AT22: =AS22 -> 0 | AV22: =AU22 -> 0 | AX22: =AW22 -> 0 | AZ22: =AY22 -> 0 | BA22: 635 | BB22: =BA22 -> 635 | BC22: =BE22+BG22+BI22+BK22+BM22 -> 6489 | BD22: =BF22+BH22+BJ22+BL22+BN22 -> 6489 | BE22: 31 | BF22: =BE22 -> 31 | BH22: =BG22 -> 0 | BI22: 6400 | BJ22: =BI22 -> 6400 | BK22: 58 | BL22: =BK22 -> 58 | BN22: =BM22 -> 0 | BO22: 26 | BP22: 226 | BQ22: =BP22 -> 226
A23: ЖАМИ | B23: =E23+H23+K23+N23+Q23+T23+W23+Z23+AC23 -> 94991 | C23: =F23+I23+L23+O23+R23+U23+X23+AA23+AD23 -> 4515 | D23: =G23+J23+M23+P23+S23+V23+Y23+AB23+AE23 -> 4515 | E23: =+E18+E19+E22+E17+E16+E15+E14+E13+E12+E11+E10+E9+E8 -> 7282 | F23: =SUM(F8:F22) -> 1965 | G23: =SUM(G8:G22) -> 1965 | H23: =+H18+H19+H22+H17+H16+H15+H14+H13+H12+H11+H10+H9+H8 -> 271 | I23: =SUM(I8:I22) -> 252 | J23: =SUM(J8:J22) -> 252 | K23: =+K18+K19+K22+K17+K16+K15+K14+K13+K12+K11+K10+K9+K8 -> 163 | L23: =SUM(L8:L22) -> 0 | M23: =SUM(M8:M22) -> 0 | N23: =+N18+N19+N22+N17+N16+N15+N14+N13+N12+N11+N10+N9+N8 -> 8607 | O23: =SUM(O8:O22) -> 103 | P23: =SUM(P8:P22) -> 103 | Q23: =+Q18+Q19+Q22+Q17+Q16+Q15+Q14+Q13+Q12+Q11+Q10+Q9+Q8 -> 7474 | R23: =SUM(R8:R22) -> 4 | S23: =SUM(S8:S22) -> 4 | T23: =+T18+T19+T22+T17+T16+T15+T14+T13+T12+T11+T10+T9+T8 -> 4115 | U23: =SUM(U8:U22) -> 46 | V23: =SUM(V8:V22) -> 46 | W23: =+W18+W19+W22+W17+W16+W15+W14+W13+W12+W11+W10+W9+W8 -> 604 | X23: =SUM(X8:X22) -> 559 | Y23: =SUM(Y8:Y22) -> 559 | Z23: =+Z18+Z19+Z22+Z17+Z16+Z15+Z14+Z13+Z12+Z11+Z10+Z9+Z8 -> 1629 | AA23: =SUM(AA8:AA22) -> 1 | AB23: =SUM(AB8:AB22) -> 1 | AC23: =+AC18+AC19+AC22+AC17+AC16+AC15+AC14+AC13+AC12+AC11+AC10+AC9+AC8 -> 64846 | AD23: =SUM(AD8:AD22) -> 1585 | AE23: =SUM(AE8:AE22) -> 1585 | AF23: =SUM(AF8:AF22) -> 4122817 | AG23: =SUM(AG8:AG22) -> 4117317 | AH23: =SUM(AH8:AH22) -> 37669 | AI23: =SUM(AI8:AI22) -> 37669 | AJ23: =SUM(AJ8:AJ22) -> 134188 | AK23: =SUM(AK8:AK22) -> 128688 | ... AO23: =SUM(AO8:AO22) -> 2959331 | AP23: ЖАМИ | AQ23: =SUM(AQ8:AQ22) -> 1178 | AR23: =SUM(AR8:AR22) -> 1178 | AS23: =SUM(AS8:AS22) -> 6 | AT23: =SUM(AT8:AT22) -> 6 | AU23: =SUM(AU8:AU22) -> 6 | AV23: =SUM(AV8:AV22) -> 6 | AW23: =SUM(AW8:AW22) -> 3 | AX23: =SUM(AX8:AX22) -> 3 | ... BQ23: =SUM(BQ8:BQ22) -> 240

Sheet 02.04
A1: Худудий бўлинмалар ходимлари томонидан ахборот технологиялари соҳасидаги жиноятларни олдини олиш бўйича амалга оширилган ишлар | AP1: Худудий бўлинмалар ходимлари томонидан ахборот технологиялари соҳасидаги жиноятларни олдини олиш бўйича амалга оширилган ишлар
A2: Ҳ И С О Б О Т Ж А Д В А Л И | AP2: ҲИСОБОТ ЖАДВАЛИ
A3: 1-жадвал 01.03.2026 йил | AP3: 2-жадвал 01.03.2026 йил
A4: Худудлар | B4: Ўтказилган учрашувлар сони март ойи учун | AF4: Учрашувда иштирок этган фуқаролар сони | AP4: Худудлар | AQ4: Оммавий ахборот воситаларида чиқишлар сони | BC4: Тарқатилган материаллар | BO4: Суҳбатлар
B5: ЖАМИ | E5: маҳаллалар | H5: олий таълим муассасалари | K5: академик лицейлар | N5: ўрта таълим муассасалари | Q5: мактабгача таълим муассасалари | T5: касалхона ва поликлиника | W5: бозорлар | Z5: ҲМҚОрганлари | AC5: бошқа идора ва ташкилотлар | AF5: ЖАМИ | AH5: учрашувлар давомида | AL5: Онлайн тарғибот давомида
AH6: 18 ёшгача | AJ6: 18 ёшдан катта | AL6: 18 ёшгача | AN6: 18 ёшдан катта | AQ6: Жами | AS6: телевидения | AU6: радио | AW6: газета | AY6: журнал | BA6: интернет (ижтимоий тармоқлар) | BC6: Жами | BE6: Видео ва конт | BG6: Баннер | BI6: Флаер | BK6: Буклет | BM6: Бошқа | BO6: Пробация рўйғатида турувчи шахслар билан ўтказилган суҳбат
B7: сони | C7: бир кунда | D7: ой бошидан | E7: сони | F7: бир кунда | G7: ой бошидан | H7: сони | I7: бир кунда | J7: ой бошидан | K7: сони | L7: бир кунда | M7: ой бошидан | N7: сони | O7: бир кунда | P7: ой бошидан | Q7: сони | R7: бир кунда | S7: ой бошидан | T7: сони | U7: бир кунда | V7: ой бошидан | W7: сони | X7: бир кунда | Y7: ой бошидан | Z7: сони | AA7: бир кунда | AB7: ой бошидан | AC7: сони | AD7: бир кунда | AE7: ой бошидан | AF7: бир кунда | AG7: ой бошидан | AH7: бир кунда | AI7: ой бошидан | AJ7: бир кунда | AK7: ой бошидан | AL7: бир кунда | AM7: ой бошидан | AN7: бир кунда | AO7: ой бошидан | AQ7: бир кунда | AR7: ой бошидан | AS7: бир кунда | AT7: ой бошидан | AU7: бир кунда | AV7: ой бошидан | AW7: бир кунда | AX7: ой бошидан | AY7: бир кунда | AZ7: ой бошидан | BA7: бир кунда | BB7: ой бошидан | BC7: бир кунда | BD7: ой бошидан | BE7: бир кунда | BF7: ой бошидан | BG7: бир кунда | BH7: ой бошидан | BI7: бир кунда | BJ7: ой бошидан | BK7: бир кунда | BL7: ой бошидан | BM7: бир кунда | BN7: ой бошидан | BO7: Сони | BP7: бир кунда | BQ7: ой бошидан
A8: ИИВ | B8: =E8+H8+K8+N8+Q8+T8+W8+Z8+AC8 -> 0 | C8: =F8+I8+L8+O8+R8+U8+X8+AA8+AD8 -> 0 | D8: =G8+J8+M8+P8+S8+V8+Y8+AB8+AE8 -> 0 | G8: =F8 -> 0 | J8: =I8 -> 0 | M8: =L8 -> 0 | P8: =O8 -> 0 | S8: =R8 -> 0 | V8: =U8 -> 0 | Y8: =X8 -> 0 | AB8: =AA8 -> 0 | AE8: =AD8 -> 0 | AF8: =AH8+AJ8+AL8+AN8 -> 0 | AG8: =AI8+AK8+AM8+AO8 -> 0 | AI8: =AH8 -> 0 | AK8: =AJ8 -> 0 | AM8: =AL8 -> 0 | AO8: =AN8 -> 0 | AP8: ИИВ | AQ8: =AS8+AU8+AW8+AY8+BA8 -> 0 | AR8: =AT8+AV8+AX8+AZ8+BB8 -> 0 | AT8: =AS8 -> 0 | AV8: =AU8 -> 0 | AX8: =AW8 -> 0 | AZ8: =AY8 -> 0 | BB8: =BA8 -> 0 | BC8: =BE8+BG8+BI8+BK8+BM8 -> 0 | BD8: =BF8+BH8+BJ8+BL8+BN8 -> 0 | BF8: =BE8 -> 0 | BH8: =BG8 -> 0 | BJ8: =BI8 -> 0 | BL8: =BK8 -> 0 | BQ8: =BP8 -> 0
A9: ҚКР | B9: =E9+H9+K9+N9+Q9+T9+W9+Z9+AC9 -> 3841 | C9: =F9+I9+L9+O9+R9+U9+X9+AA9+AD9 -> 4 | D9: =G9+J9+M9+P9+S9+V9+Y9+AB9+AE9 -> #REF! | E9: 452 | F9: 2 | G9: =F9+'01.04'!G9 -> #REF! | H9: 12 | I9: 1 | J9: =I9+'01.04'!J9 -> #REF! | K9: 2 | L9: 0 | M9: =L9+'01.04'!M9 -> #REF! | N9: 735 | O9: 0 | P9: =O9+'01.04'!P9 -> #REF! | Q9: 502 | R9: 0 | S9: =R9+'01.04'!S9 -> #REF! | T9: 197 | U9: 0 | V9: =U9+'01.04'!V9 -> #REF! | W9: 47 | X9: 1 | Y9: =X9+'01.04'!Y9 -> #REF! | Z9: 34 | AA9: 0 | AB9: =AA9+'01.04'!AB9 -> #REF! | AC9: 1860 | AD9: 0 | AE9: =AD9+'01.04'!AE9 -> #REF! | AF9: =AH9+AJ9+AL9+AN9 -> 8546 | AG9: =AI9+AK9+AM9+AO9 -> #REF! | AH9: 64 | AI9: =AH9+'01.04'!AI9 -> #REF! | AJ9: 282 | AK9: =AJ9+'01.04'!AK9 -> #REF! | AL9: 1800 | AM9: =AL9+'01.04'!AM9 -> #REF! | AN9: 6400 | AO9: =AN9+'01.04'!AO9 -> #REF! | AP9: ҚКР | AQ9: =AS9+AU9+AW9+AY9+BA9 -> 64 | AR9: =AT9+AV9+AX9+AZ9+BB9 -> #REF! | AS9: 2 | AT9: =AS9+'01.04'!AT9 -> #REF! | AU9: 0 | AV9: =AU9+'01.04'!AV9 -> #REF! | AW9: 0 | AX9: =AW9+'01.04'!AX9 -> #REF! | AY9: 0 | AZ9: =AY9+'01.04'!AZ9 -> #REF! | BA9: 62 | BB9: =BA9+'01.04'!BB9 -> #REF! | BC9: =BE9+BG9+BI9+BK9+BM9 -> 451 | BD9: =BF9+BH9+BJ9+BL9+BN9 -> #REF! | BE9: 1 | BF9: =BE9+'01.04'!BF9 -> #REF! | BG9: 0 | BH9: =BG9+'01.04'!BH9 -> #REF! | BI9: 450 | BJ9: =BI9+'01.04'!BJ9 -> #REF! | BK9: 0 | BL9: =BK9+'01.04'!BL9 -> #REF! | BM9: 0 | BN9: =BM9+'01.04'!BN9 -> #REF! | BO9: 14 | BP9: 0 | BQ9: =BP9+'01.04'!BQ9 -> #REF!
A10: Тошкент шаҳри | B10: =E10+H10+K10+N10+Q10+T10+W10+Z10+AC10 -> 3627 | C10: =F10+I10+L10+O10+R10+U10+X10+AA10+AD10 -> 158 | D10: =G10+J10+M10+P10+S10+V10+Y10+AB10+AE10 -> #REF! | E10: 585 | F10: 12 | G10: =F10+'01.04'!G10 -> #REF! | H10: 93 | I10: 11 | J10: =I10+'01.04'!J10 -> #REF! | K10: 34 | L10: 0 | M10: =L10+'01.04'!M10 -> #REF! | N10: 352 | O10: 10 | P10: =O10+'01.04'!P10 -> #REF! | Q10: 549 | R10: 11 | S10: =R10+'01.04'!S10 -> #REF! | T10: 198 | U10: 7 | V10: =U10+'01.04'!V10 -> #REF! | W10: 55 | X10: 0 | Y10: =X10+'01.04'!Y10 -> #REF! | Z10: 71 | AA10: 1 | AB10: =AA10+'01.04'!AB10 -> #REF! | AC10: 1690 | AD10: 106 | AE10: =AD10+'01.04'!AE10 -> #REF! | AF10: =AH10+AJ10+AL10+AN10 -> 128444 | AG10: =AI10+AK10+AM10+AO10 -> #REF! | AH10: 1043 | AI10: =AH10+'01.04'!AI10 -> #REF! | AJ10: 5294 | AK10: =AJ10+'01.04'!AK10 -> #REF! | AL10: 21196 | AM10: =AL10+'01.04'!AM10 -> #REF! | AN10: 100911 | AO10: =AN10+'01.04'!AO10 -> #REF! | AP10: Тошкент шаҳри | AQ10: =AS10+AU10+AW10+AY10+BA10 -> 3 | AR10: =AT10+AV10+AX10+AZ10+BB10 -> #REF! | AS10: 0 | AT10: =AS10+'01.04'!AT10 -> #REF! | AU10: 1 | AV10: =AU10+'01.04'!AV10 -> #REF! | AW10: 0 | AX10: =AW10+'01.04'!AX10 -> #REF! | AY10: 0 | AZ10: =AY10+'01.04'!AZ10 -> #REF! | BA10: 2 | BB10: =BA10+'01.04'!BB10 -> #REF! | BC10: =BE10+BG10+BI10+BK10+BM10 -> 4778 | BD10: =BF10+BH10+BJ10+BL10+BN10 -> #REF! | BE10: 616 | BF10: =BE10+'01.04'!BF10 -> #REF! | BG10: 0 | BH10: =BG10+'01.04'!BH10 -> #REF! | BI10: 2996 | BJ10: =BI10+'01.04'!BJ10 -> #REF! | BK10: 1166 | BL10: =BK10+'01.04'!BL10 -> #REF! | BM10: 0 | BN10: =BM10+'01.04'!BN10 -> #REF! | BO10: 32 | BP10: 0 | BQ10: =BP10+'01.04'!BQ10 -> #REF!
A11: Тошкент вилояти | B11: =E11+H11+K11+N11+Q11+T11+W11+Z11+AC11 -> 15381 | C11: =F11+I11+L11+O11+R11+U11+X11+AA11+AD11 -> 123 | D11: =G11+J11+M11+P11+S11+V11+Y11+AB11+AE11 -> #REF! | E11: 883 | F11: 50 | G11: =F11+'01.04'!G11 -> #REF! | H11: 16 | I11: 0 | J11: =I11+'01.04'!J11 -> #REF! | K11: 3 | L11: 0 | M11: =L11+'01.04'!M11 -> #REF! | N11: 875 | O11: 0 | P11: =O11+'01.04'!P11 -> #REF! | Q11: 2424 | R11: 0 | S11: =R11+'01.04'!S11 -> #REF! | T11: 69 | U11: 0 | V11: =U11+'01.04'!V11 -> #REF! | W11: 133 | X11: 64 | Y11: =X11+'01.04'!Y11 -> #REF! | Z11: 1116 | AA11: 0 | AB11: =AA11+'01.04'!AB11 -> #REF! | AC11: 9862 | AD11: 9 | AE11: =AD11+'01.04'!AE11 -> #REF! | AF11: =AH11+AJ11+AL11+AN11 -> 134200 | AG11: =AI11+AK11+AM11+AO11 -> #REF! | AH11: 5000 | AI11: =AH11+'01.04'!AI11 -> #REF! | AJ11: 9200 | AK11: =AJ11+'01.04'!AK11 -> #REF! | AL11: 25000 | AM11: =AL11+'01.04'!AM11 -> #REF! | AN11: 95000 | AO11: =AN11+'01.04'!AO11 -> #REF! | AP11: Тошкент вилояти | AQ11: =AS11+AU11+AW11+AY11+BA11 -> 9 | AR11: =AT11+AV11+AX11+AZ11+BB11 -> #REF! | AS11: 0 | AT11: =AS11+'01.04'!AT11 -> #REF! | AU11: 0 | AV11: =AU11+'01.04'!AV11 -> #REF! | AW11: 0 | AX11: =AW11+'01.04'!AX11 -> #REF! | AY11: 0 | AZ11: =AY11+'01.04'!AZ11 -> #REF! | BA11: 9 | BB11: =BA11+'01.04'!BB11 -> #REF! | BC11: =BE11+BG11+BI11+BK11+BM11 -> 7625 | BD11: =BF11+BH11+BJ11+BL11+BN11 -> #REF! | BE11: 9 | BF11: =BE11+'01.04'!BF11 -> #REF! | BG11: 6 | BH11: =BG11+'01.04'!BH11 -> #REF! | BI11: 7500 | BJ11: =BI11+'01.04'!BJ11 -> #REF! | BK11: 110 | BL11: =BK11+'01.04'!BL11 -> #REF! | BM11: 0 | BN11: =BM11+'01.04'!BN11 -> #REF! | BO11: 11506 | BP11: 6 | BQ11: =BP11+'01.04'!BQ11 -> #REF!
A12: Андижон вилояти | B12: =E12+H12+K12+N12+Q12+T12+W12+Z12+AC12 -> 30164 | C12: =F12+I12+L12+O12+R12+U12+X12+AA12+AD12 -> 574 | D12: =G12+J12+M12+P12+S12+V12+Y12+AB12+AE12 -> #REF! | E12: 909 | F12: 201 | G12: =F12+'01.04'!G12 -> #REF! | H12: 80 | I12: 3 | J12: =I12+'01.04'!J12 -> #REF! | K12: 5 | L12: 0 | M12: =L12+'01.04'!M12 -> #REF! | N12: 820 | O12: 30 | P12: =O12+'01.04'!P12 -> #REF! | Q12: 549 | R12: 0 | S12: =R12+'01.04'!S12 -> #REF! | T12: 992 | U12: 0 | V12: =U12+'01.04'!V12 -> #REF! | W12: 38 | X12: 150 | Y12: =X12+'01.04'!Y12 -> #REF! | Z12: 68 | AA12: 0 | AB12: =AA12+'01.04'!AB12 -> #REF! | AC12: 26703 | AD12: 190 | AE12: =AD12+'01.04'!AE12 -> #REF! | AF12: =AH12+AJ12+AL12+AN12 -> 34090 | AG12: =AI12+AK12+AM12+AO12 -> #REF! | AH12: 7800 | AI12: =AH12+'01.04'!AI12 -> #REF! | AJ12: 10900 | AK12: =AJ12+'01.04'!AK12 -> #REF! | AL12: 7695 | AM12: =AL12+'01.04'!AM12 -> #REF! | AN12: 7695 | AO12: =AN12+'01.04'!AO12 -> #REF! | AP12: Андижон вилояти | AQ12: =AS12+AU12+AW12+AY12+BA12 -> 0 | AR12: =AT12+AV12+AX12+AZ12+BB12 -> #REF! | AS12: 0 | AT12: =AS12+'01.04'!AT12 -> #REF! | AU12: 0 | AV12: =AU12+'01.04'!AV12 -> #REF! | AW12: 0 | AX12: =AW12+'01.04'!AX12 -> #REF! | AY12: 0 | AZ12: =AY12+'01.04'!AZ12 -> #REF! | BA12: 0 | BB12: =BA12+'01.04'!BB12 -> #REF! | BC12: =BE12+BG12+BI12+BK12+BM12 -> 4307 | BD12: =BF12+BH12+BJ12+BL12+BN12 -> #REF! | BE12: 92 | BF12: =BE12+'01.04'!BF12 -> #REF! | BG12: 15 | BH12: =BG12+'01.04'!BH12 -> #REF! | BI12: 3500 | BJ12: =BI12+'01.04'!BJ12 -> #REF! | BK12: 700 | BL12: =BK12+'01.04'!BL12 -> #REF! | BM12: 0 | BN12: =BM12+'01.04'!BN12 -> #REF! | BP12: 1 | BQ12: =BP12+'01.04'!BQ12 -> #REF!
A13: Бухоро вилояти | B13: =E13+H13+K13+N13+Q13+T13+W13+Z13+AC13 -> 2044 | C13: =F13+I13+L13+O13+R13+U13+X13+AA13+AD13 -> 2 | D13: =G13+J13+M13+P13+S13+V13+Y13+AB13+AE13 -> #REF! | E13: 516 | F13: 1 | G13: =F13+'01.04'!G13 -> #REF! | H13: 10 | I13: 0 | J13: =I13+'01.04'!J13 -> #REF! | K13: 38 | L13: 0 | M13: =L13+'01.04'!M13 -> #REF! | N13: 581 | O13: 0 | P13: =O13+'01.04'!P13 -> #REF! | Q13: 525 | R13: 0 | S13: =R13+'01.04'!S13 -> #REF! | T13: 263 | U13: 1 | V13: =U13+'01.04'!V13 -> #REF! | W13: 43 | Y13: =X13+'01.04'!Y13 -> #REF! | Z13: 17 | AA13: 0 | AB13: =AA13+'01.04'!AB13 -> #REF! | AC13: 51 | AD13: 0 | AE13: =AD13+'01.04'!AE13 -> #REF! | AF13: =AH13+AJ13+AL13+AN13 -> 260100 | AG13: =AI13+AK13+AM13+AO13 -> #REF! | AH13: 2000 | AI13: =AH13+'01.04'!AI13 -> #REF! | AJ13: 8100 | AK13: =AJ13+'01.04'!AK13 -> #REF! | AL13: 30000 | AM13: =AL13+'01.04'!AM13 -> #REF! | AN13: 220000 | AO13: =AN13+'01.04'!AO13 -> #REF! | AP13: Бухоро вилояти | AQ13: =AS13+AU13+AW13+AY13+BA13 -> 21 | AR13: =AT13+AV13+AX13+AZ13+BB13 -> #REF! | AS13: 1 | AT13: =AS13+'01.04'!AT13 -> #REF! | AU13: 0 | AV13: =AU13+'01.04'!AV13 -> #REF! | AW13: 0 | AX13: =AW13+'01.04'!AX13 -> #REF! | AY13: 0 | AZ13: =AY13+'01.04'!AZ13 -> #REF! | BA13: 20 | BB13: =BA13+'01.04'!BB13 -> #REF! | BC13: =BE13+BG13+BI13+BK13+BM13 -> 10101 | BD13: =BF13+BH13+BJ13+BL13+BN13 -> #REF! | BE13: 1 | BF13: =BE13+'01.04'!BF13 -> #REF! | BG13: 0 | BH13: =BG13+'01.04'!BH13 -> #REF! | BI13: 10000 | BJ13: =BI13+'01.04'!BJ13 -> #REF! | BK13: 100 | BL13: =BK13+'01.04'!BL13 -> #REF! | BM13: 0 | BN13: =BM13+'01.04'!BN13 -> #REF! | BP13: 0 | BQ13: =BP13+'01.04'!BQ13 -> #REF!
A14: Жиззах вилояти | B14: =E14+H14+K14+N14+Q14+T14+W14+Z14+AC14 -> 3916 | C14: =F14+I14+L14+O14+R14+U14+X14+AA14+AD14 -> 105 | D14: =G14+J14+M14+P14+S14+V14+Y14+AB14+AE14 -> #REF! | E14: 304 | F14: 85 | G14: =F14+'01.04'!G14 -> #REF! | H14: 5 | I14: 0 | J14: =I14+'01.04'!J14 -> #REF! | K14: 34 | L14: 0 | M14: =L14+'01.04'!M14 -> #REF! | N14: 583 | O14: 0 | P14: =O14+'01.04'!P14 -> #REF! | Q14: 254 | R14: 0 | S14: =R14+'01.04'!S14 -> #REF! | T14: 196 | U14: 0 | V14: =U14+'01.04'!V14 -> #REF! | W14: 30 | X14: 15 | Y14: =X14+'01.04'!Y14 -> #REF! | Z14: 10 | AA14: 0 | AB14: =AA14+'01.04'!AB14 -> #REF! | AC14: 2500 | AD14: 5 | AE14: =AD14+'01.04'!AE14 -> #REF! | AF14: =AH14+AJ14+AL14+AN14 -> 149960 | AG14: =AI14+AK14+AM14+AO14 -> #REF! | AH14: 3420 | AI14: =AH14+'01.04'!AI14 -> #REF! | AJ14: 7000 | AK14: =AJ14+'01.04'!AK14 -> #REF! | AL14: 25540 | AM14: =AL14+'01.04'!AM14 -> #REF! | AN14: 114000 | AO14: =AN14+'01.04'!AO14 -> #REF! | AP14: Жиззах вилояти | AQ14: =AS14+AU14+AW14+AY14+BA14 -> 6 | AR14: =AT14+AV14+AX14+AZ14+BB14 -> #REF! | AS14: 0 | AT14: =AS14+'01.04'!AT14 -> #REF! | AU14: 0 | AV14: =AU14+'01.04'!AV14 -> #REF! | AW14: 0 | AX14: =AW14+'01.04'!AX14 -> #REF! | AY14: 0 | AZ14: =AY14+'01.04'!AZ14 -> #REF! | BA14: 6 | BB14: =BA14+'01.04'!BB14 -> #REF! | BC14: =BE14+BG14+BI14+BK14+BM14 -> 4540 | BD14: =BF14+BH14+BJ14+BL14+BN14 -> #REF! | BE14: 8 | BF14: =BE14+'01.04'!BF14 -> #REF! | BG14: 6 | BH14: =BG14+'01.04'!BH14 -> #REF! | BI14: 4500 | BJ14: =BI14+'01.04'!BJ14 -> #REF! | BK14: 26 | BL14: =BK14+'01.04'!BL14 -> #REF! | BM14: 0 | BN14: =BM14+'01.04'!BN14 -> #REF! | BO14: 2 | BP14: 0 | BQ14: =BP14+'01.04'!BQ14 -> #REF!
A15: Қашқадарё вилояти | B15: =E15+H15+K15+N15+Q15+T15+W15+Z15+AC15 -> 3897 | C15: =F15+I15+L15+O15+R15+U15+X15+AA15+AD15 -> 405 | D15: =G15+J15+M15+P15+S15+V15+Y15+AB15+AE15 -> #REF! | E15: 776 | F15: 267 | G15: =F15+'01.04'!G15 -> #REF! | H15: 9 | I15: 0 | J15: =I15+'01.04'!J15 -> #REF! | K15: 6 | L15: 0 | M15: =L15+'01.04'!M15 -> #REF! | N15: 1305 | O15: 0 | P15: =O15+'01.04'!P15 -> #REF! | Q15: 447 | R15: 0 | S15: =R15+'01.04'!S15 -> #REF! | T15: 337 | U15: 0 | V15: =U15+'01.04'!V15 -> #REF! | W15: 78 | X15: 0 | Y15: =X15+'01.04'!Y15 -> #REF! | Z15: 141 | AA15: 0 | AB15: =AA15+'01.04'!AB15 -> #REF! | AC15: 798 | AD15: 138 | AE15: =AD15+'01.04'!AE15 -> #REF! | AF15: =AH15+AJ15+AL15+AN15 -> 1220341 | AG15: =AI15+AK15+AM15+AO15 -> #REF! | AH15: 1087 | AI15: =AH15+'01.04'!AI15 -> #REF! | AJ15: 3900 | AK15: =AJ15+'01.04'!AK15 -> #REF! | AL15: 607677 | AM15: =AL15+'01.04'!AM15 -> #REF! | AN15: 607677 | AO15: =AN15+'01.04'!AO15 -> #REF! | AP15: Қашқадарё вилояти | AQ15: =AS15+AU15+AW15+AY15+BA15 -> 6 | AR15: =AT15+AV15+AX15+AZ15+BB15 -> #REF! | AS15: 0 | AT15: =AS15+'01.04'!AT15 -> #REF! | AU15: 0 | AV15: =AU15+'01.04'!AV15 -> #REF! | AW15: 0 | AX15: =AW15+'01.04'!AX15 -> #REF! | AY15: 0 | AZ15: =AY15+'01.04'!AZ15 -> #REF! | BA15: 6 | BB15: =BA15+'01.04'!BB15 -> #REF! | BC15: =BE15+BG15+BI15+BK15+BM15 -> 1864 | BD15: =BF15+BH15+BJ15+BL15+BN15 -> #REF! | BE15: 60 | BF15: =BE15+'01.04'!BF15 -> #REF! | BG15: 4 | BH15: =BG15+'01.04'!BH15 -> #REF! | BI15: 900 | BJ15: =BI15+'01.04'!BJ15 -> #REF! | BK15: 900 | BL15: =BK15+'01.04'!BL15 -> #REF! | BM15: 0 | BN15: =BM15+'01.04'!BN15 -> #REF! | BO15: 6274 | BP15: 2 | BQ15: =BP15+'01.04'!BQ15 -> #REF! | BR15: умумий утирганлар билан
A16: Навоий вилояти | B16: =E16+H16+K16+N16+Q16+T16+W16+Z16+AC16 -> 19901 | C16: =F16+I16+L16+O16+R16+U16+X16+AA16+AD16 -> 137 | D16: =G16+J16+M16+P16+S16+V16+Y16+AB16+AE16 -> #REF! | E16: 310 | F16: 45 | G16: =F16+'01.04'!G16 -> #REF! | H16: 5 | I16: 0 | J16: =I16+'01.04'!J16 -> #REF! | K16: 3 | L16: 0 | M16: =L16+'01.04'!M16 -> #REF! | N16: 384 | O16: 0 | P16: =O16+'01.04'!P16 -> #REF! | Q16: 245 | R16: 0 | S16: =R16+'01.04'!S16 -> #REF! | T16: 397 | U16: 0 | V16: =U16+'01.04'!V16 -> #REF! | W16: 24 | X16: 38 | Y16: =X16+'01.04'!Y16 -> #REF! | Z16: 18 | AA16: 0 | AB16: =AA16+'01.04'!AB16 -> #REF! | AC16: 18515 | AD16: 54 | AE16: =AD16+'01.04'!AE16 -> #REF! | AF16: =AH16+AJ16+AL16+AN16 -> 72865 | AG16: =AI16+AK16+AM16+AO16 -> #REF! | AH16: 270 | AI16: =AH16+'01.04'!AI16 -> #REF! | AJ16: 1311 | AK16: =AJ16+'01.04'!AK16 -> #REF! | AL16: 2078 | AM16: =AL16+'01.04'!AM16 -> #REF! | AN16: 69206 | AO16: =AN16+'01.04'!AO16 -> #REF! | AP16: Навоий вилояти | AQ16: =AS16+AU16+AW16+AY16+BA16 -> 67 | AR16: =AT16+AV16+AX16+AZ16+BB16 -> #REF! | AS16: 0 | AT16: =AS16+'01.04'!AT16 -> #REF! | AU16: 0 | AV16: =AU16+'01.04'!AV16 -> #REF! | AW16: 0 | AX16: =AW16+'01.04'!AX16 -> #REF! | AY16: 0 | AZ16: =AY16+'01.04'!AZ16 -> #REF! | BA16: 67 | BB16: =BA16+'01.04'!BB16 -> #REF! | BC16: =BE16+BG16+BI16+BK16+BM16 -> 1784 | BD16: =BF16+BH16+BJ16+BL16+BN16 -> #REF! | BE16: 91 | BF16: =BE16+'01.04'!BF16 -> #REF! | BG16: 3 | BH16: =BG16+'01.04'!BH16 -> #REF! | BI16: 1350 | BJ16: =BI16+'01.04'!BJ16 -> #REF! | BK16: 340 | BL16: =BK16+'01.04'!BL16 -> #REF! | BM16: 0 | BN16: =BM16+'01.04'!BN16 -> #REF! | BO16: 2546 | BP16: 0 | BQ16: =BP16+'01.04'!BQ16 -> #REF!
A17: Наманган вилояти | B17: =E17+H17+K17+N17+Q17+T17+W17+Z17+AC17 -> 5602 | C17: =F17+I17+L17+O17+R17+U17+X17+AA17+AD17 -> 169 | D17: =G17+J17+M17+P17+S17+V17+Y17+AB17+AE17 -> #REF! | E17: 754 | F17: 86 | G17: =F17+'01.04'!G17 -> #REF! | H17: 9 | I17: 0 | J17: =I17+'01.04'!J17 -> #REF! | K17: 5 | L17: 0 | M17: =L17+'01.04'!M17 -> #REF! | N17: 768 | O17: 0 | P17: =O17+'01.04'!P17 -> #REF! | Q17: 624 | R17: 0 | S17: =R17+'01.04'!S17 -> #REF! | T17: 742 | U17: 0 | V17: =U17+'01.04'!V17 -> #REF! | W17: 54 | X17: 0 | Y17: =X17+'01.04'!Y17 -> #REF! | Z17: 66 | AA17: 0 | AB17: =AA17+'01.04'!AB17 -> #REF! | AC17: 2580 | AD17: 83 | AE17: =AD17+'01.04'!AE17 -> #REF! | AF17: =AH17+AJ17+AL17+AN17 -> 185500 | AG17: =AI17+AK17+AM17+AO17 -> #REF! | AH17: 10000 | AI17: =AH17+'01.04'!AI17 -> #REF! | AJ17: 10500 | AK17: =AJ17+'01.04'!AK17 -> #REF! | AL17: 75000 | AM17: =AL17+'01.04'!AM17 -> #REF! | AN17: 90000 | AO17: =AN17+'01.04'!AO17 -> #REF! | AP17: Наманган вилояти | AQ17: =AS17+AU17+AW17+AY17+BA17 -> 15 | AR17: =AT17+AV17+AX17+AZ17+BB17 -> #REF! | AS17: 0 | AT17: =AS17+'01.04'!AT17 -> #REF! | AU17: 1 | AV17: =AU17+'01.04'!AV17 -> #REF! | AW17: 0 | AX17: =AW17+'01.04'!AX17 -> #REF! | AY17: 0 | AZ17: =AY17+'01.04'!AZ17 -> #REF! | BA17: 14 | BB17: =BA17+'01.04'!BB17 -> #REF! | BC17: =BE17+BG17+BI17+BK17+BM17 -> 1392 | BD17: =BF17+BH17+BJ17+BL17+BN17 -> #REF! | BE17: 38 | BF17: =BE17+'01.04'!BF17 -> #REF! | BG17: 4 | BH17: =BG17+'01.04'!BH17 -> #REF! | BI17: 1200 | BJ17: =BI17+'01.04'!BJ17 -> #REF! | BK17: 150 | BL17: =BK17+'01.04'!BL17 -> #REF! | BM17: 0 | BN17: =BM17+'01.04'!BN17 -> #REF! | BO17: 8022 | BP17: 0 | BQ17: =BP17+'01.04'!BQ17 -> #REF!
A18: Самарқанд вилояти | B18: =E18+H18+K18+N18+Q18+T18+W18+Z18+AC18 -> 3791 | C18: =F18+I18+L18+O18+R18+U18+X18+AA18+AD18 -> 611 | D18: =G18+J18+M18+P18+S18+V18+Y18+AB18+AE18 -> #REF! | E18: 1063 | F18: 354 | G18: =F18+'01.04'!G18 -> #REF! | H18: 19 | I18: 0 | J18: =I18+'01.04'!J18 -> #REF! | K18: 8 | L18: 0 | M18: =L18+'01.04'!M18 -> #REF! | N18: 1331 | O18: 0 | P18: =O18+'01.04'!P18 -> #REF! | Q18: 777 | R18: 0 | S18: =R18+'01.04'!S18 -> #REF! | T18: 318 | U18: 0 | V18: =U18+'01.04'!V18 -> #REF! | W18: 60 | X18: 257 | Y18: =X18+'01.04'!Y18 -> #REF! | Z18: 72 | AA18: 0 | AB18: =AA18+'01.04'!AB18 -> #REF! | AC18: 143 | AD18: 0 | AE18: =AD18+'01.04'!AE18 -> #REF! | AF18: =AH18+AJ18+AL18+AN18 -> 329998 | AG18: =AI18+AK18+AM18+AO18 -> #REF! | AH18: 742 | AI18: =AH18+'01.04'!AI18 -> #REF! | AJ18: 5129 | AK18: =AJ18+'01.04'!AK18 -> #REF! | AL18: 6213 | AM18: =AL18+'01.04'!AM18 -> #REF! | AN18: 317914 | AO18: =AN18+'01.04'!AO18 -> #REF! | AP18: Самарқанд вилояти | AQ18: =AS18+AU18+AW18+AY18+BA18 -> 7 | AR18: =AT18+AV18+AX18+AZ18+BB18 -> #REF! | AS18: 0 | AT18: =AS18+'01.04'!AT18 -> #REF! | AU18: 0 | AV18: =AU18+'01.04'!AV18 -> #REF! | AW18: 0 | AX18: =AW18+'01.04'!AX18 -> #REF! | AY18: 0 | AZ18: =AY18+'01.04'!AZ18 -> #REF! | BA18: 7 | BB18: =BA18+'01.04'!BB18 -> #REF! | BC18: =BE18+BG18+BI18+BK18+BM18 -> 3148 | BD18: =BF18+BH18+BJ18+BL18+BN18 -> #REF! | BE18: 2 | BF18: =BE18+'01.04'!BF18 -> #REF! | BH18: =BG18+'01.04'!BH18 -> #REF! | BI18: 3014 | BJ18: =BI18+'01.04'!BJ18 -> #REF! | BK18: 132 | BL18: =BK18+'01.04'!BL18 -> #REF! | BM18: 0 | BN18: =BM18+'01.04'!BN18 -> #REF! | BO18: 442 | BP18: 0 | BQ18: =BP18+'01.04'!BQ18 -> #REF!
A19: Сирдарё вилояти | B19: =E19+H19+K19+N19+Q19+T19+W19+Z19+AC19 -> 1040 | C19: =F19+I19+L19+O19+R19+U19+X19+AA19+AD19 -> 37 | D19: =G19+J19+M19+P19+S19+V19+Y19+AB19+AE19 -> #REF! | E19: 221 | F19: 6 | G19: =F19+'01.04'!G19 -> #REF! | H19: 5 | I19: 0 | J19: =I19+'01.04'!J19 -> #REF! | K19: 4 | L19: 0 | M19: =L19+'01.04'!M19 -> #REF! | N19: 313 | O19: 0 | P19: =O19+'01.04'!P19 -> #REF! | Q19: 203 | R19: 0 | S19: =R19+'01.04'!S19 -> #REF! | T19: 241 | U19: 0 | V19: =U19+'01.04'!V19 -> #REF! | W19: 14 | X19: 17 | Y19: =X19+'01.04'!Y19 -> #REF! | Z19: 7 | AA19: 0 | AB19: =AA19+'01.04'!AB19 -> #REF! | AC19: 32 | AD19: 14 | AE19: =AD19+'01.04'!AE19 -> #REF! | AF19: =AH19+AJ19+AL19+AN19 -> 3850 | AG19: =AI19+AK19+AM19+AO19 -> #REF! | AH19: 575 | AI19: =AH19+'01.04'!AI19 -> #REF! | AJ19: 575 | AK19: =AJ19+'01.04'!AK19 -> #REF! | AL19: 1350 | AM19: =AL19+'01.04'!AM19 -> #REF! | AN19: 1350 | AO19: =AN19+'01.04'!AO19 -> #REF! | AP19: Сирдарё вилояти | AQ19: =AS19+AU19+AW19+AY19+BA19 -> 1 | AR19: =AT19+AV19+AX19+AZ19+BB19 -> #REF! | AS19: 0 | AT19: =AS19+'01.04'!AT19 -> #REF! | AU19: 1 | AV19: =AU19+'01.04'!AV19 -> #REF! | AW19: 0 | AX19: =AW19+'01.04'!AX19 -> #REF! | AY19: 0 | AZ19: =AY19+'01.04'!AZ19 -> #REF! | BA19: 0 | BB19: =BA19+'01.04'!BB19 -> #REF! | BC19: =BE19+BG19+BI19+BK19+BM19 -> 1106 | BD19: =BF19+BH19+BJ19+BL19+BN19 -> #REF! | BE19: 6 | BF19: =BE19+'01.04'!BF19 -> #REF! | BG19: 0 | BH19: =BG19+'01.04'!BH19 -> #REF! | BI19: 900 | BJ19: =BI19+'01.04'!BJ19 -> #REF! | BK19: 200 | BL19: =BK19+'01.04'!BL19 -> #REF! | BM19: 0 | BN19: =BM19+'01.04'!BN19 -> #REF! | BO19: 2898 | BP19: 0 | BQ19: =BP19+'01.04'!BQ19 -> #REF!
A20: Сурхондарё вилояти | B20: =E20+H20+K20+N20+Q20+T20+W20+Z20+AC20 -> 5228 | C20: =F20+I20+L20+O20+R20+U20+X20+AA20+AD20 -> 345 | D20: =G20+J20+M20+P20+S20+V20+Y20+AB20+AE20 -> #REF! | E20: 723 | F20: 224 | G20: =F20+'01.04'!G20 -> #REF! | H20: 5 | I20: 1 | J20: =I20+'01.04'!J20 -> #REF! | K20: 3 | M20: =L20+'01.04'!M20 -> #REF! | N20: 975 | O20: 48 | P20: =O20+'01.04'!P20 -> #REF! | Q20: 1862 | R20: 2 | S20: =R20+'01.04'!S20 -> #REF! | T20: 35 | U20: 2 | V20: =U20+'01.04'!V20 -> #REF! | W20: 64 | X20: 3 | Y20: =X20+'01.04'!Y20 -> #REF! | Z20: 15 | AA20: 1 | AB20: =AA20+'01.04'!AB20 -> #REF! | AC20: 1546 | AD20: 64 | AE20: =AD20+'01.04'!AE20 -> #REF! | AF20: =AH20+AJ20+AL20+AN20 -> 15150 | AG20: =AI20+AK20+AM20+AO20 -> #REF! | AH20: 6750 | AI20: =AH20+'01.04'!AI20 -> #REF! | AJ20: 7900 | AK20: =AJ20+'01.04'!AK20 -> #REF! | AL20: 350 | AM20: =AL20+'01.04'!AM20 -> #REF! | AN20: 150 | AO20: =AN20+'01.04'!AO20 -> #REF! | AP20: Сурхондарё вилояти | AQ20: =AS20+AU20+AW20+AY20+BA20 -> 241 | AR20: =AT20+AV20+AX20+AZ20+BB20 -> #REF! | AS20: 1 | AT20: =AS20+'01.04'!AT20 -> #REF! | AU20: 0 | AV20: =AU20+'01.04'!AV20 -> #REF! | AW20: 0 | AX20: =AW20+'01.04'!AX20 -> #REF! | AY20: 0 | AZ20: =AY20+'01.04'!AZ20 -> #REF! | BA20: 240 | BB20: =BA20+'01.04'!BB20 -> #REF! | BC20: =BE20+BG20+BI20+BK20+BM20 -> 2420 | BD20: =BF20+BH20+BJ20+BL20+BN20 -> #REF! | BE20: 2 | BF20: =BE20+'01.04'!BF20 -> #REF! | BG20: 0 | BH20: =BG20+'01.04'!BH20 -> #REF! | BI20: 800 | BJ20: =BI20+'01.04'!BJ20 -> #REF! | BK20: 1618 | BL20: =BK20+'01.04'!BL20 -> #REF! | BM20: 0 | BN20: =BM20+'01.04'!BN20 -> #REF! | BO20: 5854 | BP20: 0 | BQ20: =BP20+'01.04'!BQ20 -> #REF! | BR20: 1862 та давлатники | BU20: 1302 та хусусий
A21: Фарғона | B21: =E21+H21+K21+N21+Q21+T21+W21+Z21+AC21 -> 3266 | C21: =F21+I21+L21+O21+R21+U21+X21+AA21+AD21 -> 339 | D21: =G21+J21+M21+P21+S21+V21+Y21+AB21+AE21 -> #REF! | E21: 1017 | F21: 255 | G21: =F21+'01.04'!G21 -> #REF! | H21: 8 | I21: 3 | J21: =I21+'01.04'!J21 -> #REF! | K21: 4 | L21: 0 | M21: =L21+'01.04'!M21 -> #REF! | N21: 963 | O21: 0 | P21: =O21+'01.04'!P21 -> #REF! | Q21: 912 | R21: 0 | S21: =R21+'01.04'!S21 -> #REF! | T21: 199 | U21: 5 | V21: =U21+'01.04'!V21 -> #REF! | W21: 101 | X21: 64 | Y21: =X21+'01.04'!Y21 -> #REF! | Z21: 42 | AA21: 0 | AB21: =AA21+'01.04'!AB21 -> #REF! | AC21: 20 | AD21: 12 | AE21: =AD21+'01.04'!AE21 -> #REF! | AF21: =AH21+AJ21+AL21+AN21 -> 290000 | AG21: =AI21+AK21+AM21+AO21 -> #REF! | AH21: 3000 | AI21: =AH21+'01.04'!AI21 -> #REF! | AJ21: 77000 | AK21: =AJ21+'01.04'!AK21 -> #REF! | AL21: 4000 | AM21: =AL21+'01.04'!AM21 -> #REF! | AN21: 206000 | AO21: =AN21+'01.04'!AO21 -> #REF! | AP21: Фарғона | AQ21: =AS21+AU21+AW21+AY21+BA21 -> 10 | AR21: =AT21+AV21+AX21+AZ21+BB21 -> #REF! | AS21: 0 | AT21: =AS21+'01.04'!AT21 -> #REF! | AU21: 4 | AV21: =AU21+'01.04'!AV21 -> #REF! | AW21: 0 | AX21: =AW21+'01.04'!AX21 -> #REF! | AY21: 0 | AZ21: =AY21+'01.04'!AZ21 -> #REF! | BA21: 6 | BB21: =BA21+'01.04'!BB21 -> #REF! | BC21: =BE21+BG21+BI21+BK21+BM21 -> 2002 | BD21: =BF21+BH21+BJ21+BL21+BN21 -> #REF! | BE21: 0 | BF21: =BE21+'01.04'!BF21 -> #REF! | BG21: 2 | BH21: =BG21+'01.04'!BH21 -> #REF! | BI21: 2000 | BJ21: =BI21+'01.04'!BJ21 -> #REF! | BK21: 0 | BL21: =BK21+'01.04'!BL21 -> #REF! | BM21: 0 | BN21: =BM21+'01.04'!BN21 -> #REF! | BP21: 1 | BQ21: =BP21+'01.04'!BQ21 -> #REF!
A22: Хоразм | B22: =E22+H22+K22+N22+Q22+T22+W22+Z22+AC22 -> 1787 | C22: =F22+I22+L22+O22+R22+U22+X22+AA22+AD22 -> 1947 | D22: =G22+J22+M22+P22+S22+V22+Y22+AB22+AE22 -> #REF! | E22: 509 | F22: 386 | G22: =F22+'01.04'!G22 -> #REF! | H22: 8 | I22: 6 | J22: =I22+'01.04'!J22 -> #REF! | K22: 21 | L22: 26 | M22: =L22+'01.04'!M22 -> #REF! | N22: 560 | O22: 26 | P22: =O22+'01.04'!P22 -> #REF! | Q22: 375 | R22: 20 | S22: =R22+'01.04'!S22 -> #REF! | T22: 165 | U22: 35 | V22: =U22+'01.04'!V22 -> #REF! | W22: 28 | X22: 180 | Y22: =X22+'01.04'!Y22 -> #REF! | Z22: 9 | AB22: =AA22+'01.04'!AB22 -> #REF! | AC22: 112 | AD22: 1268 | AE22: =AD22+'01.04'!AE22 -> #REF! | AF22: =AH22+AJ22+AL22+AN22 -> 14581.492 | AG22: =AI22+AK22+AM22+AO22 -> #REF! | AH22: 860 | AI22: =AH22+'01.04'!AI22 -> #REF! | AJ22: 6967 | AK22: =AJ22+'01.04'!AK22 -> #REF! | AL22: 6520 | AM22: =AL22+'01.04'!AM22 -> #REF! | AN22: 234.492 | AO22: =AN22+'01.04'!AO22 -> #REF! | AP22: Хоразм | AQ22: =AS22+AU22+AW22+AY22+BA22 -> 1664 | AR22: =AT22+AV22+AX22+AZ22+BB22 -> #REF! | AT22: =AS22+'01.04'!AT22 -> #REF! | AV22: =AU22+'01.04'!AV22 -> #REF! | AX22: =AW22+'01.04'!AX22 -> #REF! | AZ22: =AY22+'01.04'!AZ22 -> #REF! | BA22: 1664 | BB22: =BA22+'01.04'!BB22 -> #REF! | BC22: =BE22+BG22+BI22+BK22+BM22 -> 6250 | BD22: =BF22+BH22+BJ22+BL22+BN22 -> #REF! | BE22: 16 | BF22: =BE22+'01.04'!BF22 -> #REF! | BG22: 6 | BH22: =BG22+'01.04'!BH22 -> #REF! | BI22: 6170 | BJ22: =BI22+'01.04'!BJ22 -> #REF! | BK22: 58 | BL22: =BK22+'01.04'!BL22 -> #REF! | BM22: 0 | BN22: =BM22+'01.04'!BN22 -> #REF! | BO22: 26 | BP22: 59 | BQ22: =BP22+'01.04'!BQ22 -> #REF!
A23: ЖАМИ | B23: =E23+H23+K23+N23+Q23+T23+W23+Z23+AC23 -> 94991 | C23: =F23+I23+L23+O23+R23+U23+X23+AA23+AD23 -> 4956 | D23: =G23+J23+M23+P23+S23+V23+Y23+AB23+AE23 -> #REF! | E23: =+E18+E19+E22+E17+E16+E15+E14+E13+E12+E11+E10+E9+E8 -> 7282 | F23: =SUM(F8:F22) -> 1974 | G23: =SUM(G8:G22) -> #REF! | H23: =+H18+H19+H22+H17+H16+H15+H14+H13+H12+H11+H10+H9+H8 -> 271 | I23: =SUM(I8:I22) -> 25 | J23: =SUM(J8:J22) -> #REF! | K23: =+K18+K19+K22+K17+K16+K15+K14+K13+K12+K11+K10+K9+K8 -> 163 | L23: =SUM(L8:L22) -> 26 | M23: =SUM(M8:M22) -> #REF! | N23: =+N18+N19+N22+N17+N16+N15+N14+N13+N12+N11+N10+N9+N8 -> 8607 | O23: =SUM(O8:O22) -> 114 | P23: =SUM(P8:P22) -> #REF! | Q23: =+Q18+Q19+Q22+Q17+Q16+Q15+Q14+Q13+Q12+Q11+Q10+Q9+Q8 -> 7474 | R23: =SUM(R8:R22) -> 33 | S23: =SUM(S8:S22) -> #REF! | T23: =+T18+T19+T22+T17+T16+T15+T14+T13+T12+T11+T10+T9+T8 -> 4115 | U23: =SUM(U8:U22) -> 50 | V23: =SUM(V8:V22) -> #REF! | W23: =+W18+W19+W22+W17+W16+W15+W14+W13+W12+W11+W10+W9+W8 -> 604 | X23: =SUM(X8:X22) -> 789 | Y23: =SUM(Y8:Y22) -> #REF! | Z23: =+Z18+Z19+Z22+Z17+Z16+Z15+Z14+Z13+Z12+Z11+Z10+Z9+Z8 -> 1629 | AA23: =SUM(AA8:AA22) -> 2 | AB23: =SUM(AB8:AB22) -> #REF! | AC23: =+AC18+AC19+AC22+AC17+AC16+AC15+AC14+AC13+AC12+AC11+AC10+AC9+AC8 -> 64846 | AD23: =SUM(AD8:AD22) -> 1943 | AE23: =SUM(AE8:AE22) -> #REF! | AF23: =SUM(AF8:AF22) -> 2847625.5 | AG23: =SUM(AG8:AG22) -> #REF! | AH23: =SUM(AH8:AH22) -> 42611 | AI23: =SUM(AI8:AI22) -> #REF! | AJ23: =SUM(AJ8:AJ22) -> 154058 | AK23: =SUM(AK8:AK22) -> #REF! | ... AO23: =SUM(AO8:AO22) -> #REF! | AP23: ЖАМИ | AQ23: =SUM(AQ8:AQ22) -> 2114 | AR23: =SUM(AR8:AR22) -> #REF! | AS23: =SUM(AS8:AS22) -> 4 | AT23: =SUM(AT8:AT22) -> #REF! | AU23: =SUM(AU8:AU22) -> 7 | AV23: =SUM(AV8:AV22) -> #REF! | AW23: =SUM(AW8:AW22) -> 0 | AX23: =SUM(AX8:AX22) -> #REF! | ... BQ23: =SUM(BQ8:BQ22) -> #REF!

Sheet 03.04
A1: Худудий бўлинмалар ходимлари томонидан ахборот технологиялари соҳасидаги жиноятларни олдини олиш бўйича амалга оширилган ишлар | AP1: Худудий бўлинмалар ходимлари томонидан ахборот технологиялари соҳасидаги жиноятларни олдини олиш бўйича амалга оширилган ишлар
A2: Ҳ И С О Б О Т Ж А Д В А Л И | AP2: ҲИСОБОТ ЖАДВАЛИ
A3: 1-жадвал 01.03.2026 йил | AP3: 2-жадвал 01.03.2026 йил
A4: Худудлар | B4: Ўтказилган учрашувлар сони март ойи учун | AF4: Учрашувда иштирок этган фуқаролар сони | AP4: Худудлар | AQ4: Оммавий ахборот воситаларида чиқишлар сони | BC4: Тарқатилган материаллар | BO4: Суҳбатлар
B5: ЖАМИ | E5: маҳаллалар | H5: олий таълим муассасалари | K5: академик лицейлар | N5: ўрта таълим муассасалари | Q5: мактабгача таълим муассасалари | T5: касалхона ва поликлиника | W5: бозорлар ва савдо | Z5: ҲМҚОрганлари | AC5: бошқа идора ва ташкилотлар | AF5: ЖАМИ | AH5: учрашувлар давомида | AL5: Онлайн тарғибот давомида
AH6: 18 ёшгача | AJ6: 18 ёшдан катта | AL6: 18 ёшгача | AN6: 18 ёшдан катта | AQ6: Жами | AS6: телевидения | AU6: радио | AW6: газета | AY6: журнал | BA6: интернет (ижтимоий тармоқлар) | BC6: Жами | BE6: Видео ва конт | BG6: Баннер | BI6: Флаер | BK6: Буклет | BM6: Бошқа | BO6: Пробация рўйғатида турувчи шахслар билан ўтказилган суҳбат
B7: сони | C7: бир кунда | D7: ой бошидан | E7: сони | F7: бир кунда | G7: ой бошидан | H7: сони | I7: бир кунда | J7: ой бошидан | K7: сони | L7: бир кунда | M7: ой бошидан | N7: сони | O7: бир кунда | P7: ой бошидан | Q7: сони | R7: бир кунда | S7: ой бошидан | T7: сони | U7: бир кунда | V7: ой бошидан | W7: сони | X7: бир кунда | Y7: ой бошидан | Z7: сони | AA7: бир кунда | AB7: ой бошидан | AC7: сони | AD7: бир кунда | AE7: ой бошидан | AF7: бир кунда | AG7: ой бошидан | AH7: бир кунда | AI7: ой бошидан | AJ7: бир кунда | AK7: ой бошидан | AL7: бир кунда | AM7: ой бошидан | AN7: бир кунда | AO7: ой бошидан | AQ7: бир кунда | AR7: ой бошидан | AS7: бир кунда | AT7: ой бошидан | AU7: бир кунда | AV7: ой бошидан | AW7: бир кунда | AX7: ой бошидан | AY7: бир кунда | AZ7: ой бошидан | BA7: бир кунда | BB7: ой бошидан | BC7: бир кунда | BD7: ой бошидан | BE7: бир кунда | BF7: ой бошидан | BG7: бир кунда | BH7: ой бошидан | BI7: бир кунда | BJ7: ой бошидан | BK7: бир кунда | BL7: ой бошидан | BM7: бир кунда | BN7: ой бошидан | BO7: Сони | BP7: бир кунда | BQ7: ой бошидан
A8: ИИВ | B8: =E8+H8+K8+N8+Q8+T8+W8+Z8+AC8 -> 0 | C8: =F8+I8+L8+O8+R8+U8+X8+AA8+AD8 -> 0 | D8: =G8+J8+M8+P8+S8+V8+Y8+AB8+AE8 -> 0 | G8: =F8 -> 0 | J8: =I8 -> 0 | M8: =L8 -> 0 | P8: =O8 -> 0 | S8: =R8 -> 0 | V8: =U8 -> 0 | Y8: =X8 -> 0 | AB8: =AA8 -> 0 | AE8: =AD8 -> 0 | AF8: =AH8+AJ8+AL8+AN8 -> 0 | AG8: =AI8+AK8+AM8+AO8 -> 0 | AI8: =AH8 -> 0 | AK8: =AJ8 -> 0 | AM8: =AL8 -> 0 | AO8: =AN8 -> 0 | AP8: ИИВ | AQ8: =AS8+AU8+AW8+AY8+BA8 -> 0 | AR8: =AT8+AV8+AX8+AZ8+BB8 -> 0 | AT8: =AS8 -> 0 | AV8: =AU8 -> 0 | AX8: =AW8 -> 0 | AZ8: =AY8 -> 0 | BB8: =BA8 -> 0 | BC8: =BE8+BG8+BI8+BK8+BM8 -> 0 | BD8: =BF8+BH8+BJ8+BL8+BN8 -> 0 | BF8: =BE8 -> 0 | BH8: =BG8 -> 0 | BJ8: =BI8 -> 0 | BL8: =BK8 -> 0 | BQ8: =BP8 -> 0
A9: ҚКР | B9: =E9+H9+K9+N9+Q9+T9+W9+Z9+AC9 -> 3841 | C9: =F9+I9+L9+O9+R9+U9+X9+AA9+AD9 -> 3 | D9: =G9+J9+M9+P9+S9+V9+Y9+AB9+AE9 -> #REF! | E9: 452 | F9: 3 | G9: =F9+'02.04'!G9 -> #REF! | H9: 12 | I9: 0 | J9: =I9+'02.04'!J9 -> #REF! | K9: 2 | L9: 0 | M9: =L9+'02.04'!M9 -> #REF! | N9: 735 | O9: 0 | P9: =O9+'02.04'!P9 -> #REF! | Q9: 502 | R9: 0 | S9: =R9+'02.04'!S9 -> #REF! | T9: 197 | U9: 0 | V9: =U9+'02.04'!V9 -> #REF! | W9: 47 | X9: 0 | Y9: =X9+'02.04'!Y9 -> #REF! | Z9: 34 | AA9: 0 | AB9: =AA9+'02.04'!AB9 -> #REF! | AC9: 1860 | AD9: 0 | AE9: =AD9+'02.04'!AE9 -> #REF! | AF9: =AH9+AJ9+AL9+AN9 -> 7856 | AG9: =AI9+AK9+AM9+AO9 -> #REF! | AH9: 58 | AI9: =AH9+'02.04'!AI9 -> #REF! | AJ9: 198 | AK9: =AJ9+'02.04'!AK9 -> #REF! | AL9: 3100 | AM9: =AL9+'02.04'!AM9 -> #REF! | AN9: 4500 | AO9: =AN9+'02.04'!AO9 -> #REF! | AP9: ҚКР | AQ9: =AS9+AU9+AW9+AY9+BA9 -> 63 | AR9: =AT9+AV9+AX9+AZ9+BB9 -> #REF! | AS9: 1 | AT9: =AS9+'02.04'!AT9 -> #REF! | AU9: 0 | AV9: =AU9+'02.04'!AV9 -> #REF! | AW9: 0 | AX9: =AW9+'02.04'!AX9 -> #REF! | AY9: 0 | AZ9: =AY9+'02.04'!AZ9 -> #REF! | BA9: 62 | BB9: =BA9+'02.04'!BB9 -> #REF! | BC9: =BE9+BG9+BI9+BK9+BM9 -> 382 | BD9: =BF9+BH9+BJ9+BL9+BN9 -> #REF! | BE9: 2 | BF9: =BE9+'02.04'!BF9 -> #REF! | BG9: 0 | BH9: =BG9+'02.04'!BH9 -> #REF! | BI9: 380 | BJ9: =BI9+'02.04'!BJ9 -> #REF! | BK9: 0 | BL9: =BK9+'02.04'!BL9 -> #REF! | BM9: 0 | BN9: =BM9+'02.04'!BN9 -> #REF! | BO9: 14 | BP9: 0 | BQ9: =BP9+'02.04'!BQ9 -> #REF!
A10: Тошкент шаҳри | B10: =E10+H10+K10+N10+Q10+T10+W10+Z10+AC10 -> 3627 | C10: =F10+I10+L10+O10+R10+U10+X10+AA10+AD10 -> 142 | D10: =G10+J10+M10+P10+S10+V10+Y10+AB10+AE10 -> #REF! | E10: 585 | F10: 22 | G10: =F10+'02.04'!G10 -> #REF! | H10: 93 | I10: 2 | J10: =I10+'02.04'!J10 -> #REF! | K10: 34 | L10: 0 | M10: =L10+'02.04'!M10 -> #REF! | N10: 352 | O10: 7 | P10: =O10+'02.04'!P10 -> #REF! | Q10: 549 | R10: 6 | S10: =R10+'02.04'!S10 -> #REF! | T10: 198 | U10: 3 | V10: =U10+'02.04'!V10 -> #REF! | W10: 55 | X10: 1 | Y10: =X10+'02.04'!Y10 -> #REF! | Z10: 71 | AA10: 1 | AB10: =AA10+'02.04'!AB10 -> #REF! | AC10: 1690 | AD10: 100 | AE10: =AD10+'02.04'!AE10 -> #REF! | AF10: =AH10+AJ10+AL10+AN10 -> 112972 | AG10: =AI10+AK10+AM10+AO10 -> #REF! | AH10: 906 | AI10: =AH10+'02.04'!AI10 -> #REF! | AJ10: 4347 | AK10: =AJ10+'02.04'!AK10 -> #REF! | AL10: 19597 | AM10: =AL10+'02.04'!AM10 -> #REF! | AN10: 88122 | AO10: =AN10+'02.04'!AO10 -> #REF! | AP10: Тошкент шаҳри | AQ10: =AS10+AU10+AW10+AY10+BA10 -> 5 | AR10: =AT10+AV10+AX10+AZ10+BB10 -> #REF! | AS10: 0 | AT10: =AS10+'02.04'!AT10 -> #REF! | AU10: 0 | AV10: =AU10+'02.04'!AV10 -> #REF! | AW10: 1 | AX10: =AW10+'02.04'!AX10 -> #REF! | AY10: 0 | AZ10: =AY10+'02.04'!AZ10 -> #REF! | BA10: 4 | BB10: =BA10+'02.04'!BB10 -> #REF! | BC10: =BE10+BG10+BI10+BK10+BM10 -> 4830 | BD10: =BF10+BH10+BJ10+BL10+BN10 -> #REF! | BE10: 575 | BF10: =BE10+'02.04'!BF10 -> #REF! | BG10: 0 | BH10: =BG10+'02.04'!BH10 -> #REF! | BI10: 2764 | BJ10: =BI10+'02.04'!BJ10 -> #REF! | BK10: 1491 | BL10: =BK10+'02.04'!BL10 -> #REF! | BM10: 0 | BN10: =BM10+'02.04'!BN10 -> #REF! | BO10: 32 | BP10: 0 | BQ10: =BP10+'02.04'!BQ10 -> #REF!
A11: Тошкент вилояти | B11: =E11+H11+K11+N11+Q11+T11+W11+Z11+AC11 -> 15381 | C11: =F11+I11+L11+O11+R11+U11+X11+AA11+AD11 -> 140 | D11: =G11+J11+M11+P11+S11+V11+Y11+AB11+AE11 -> #REF! | E11: 883 | F11: 52 | G11: =F11+'02.04'!G11 -> #REF! | H11: 16 | I11: 0 | J11: =I11+'02.04'!J11 -> #REF! | K11: 3 | L11: 0 | M11: =L11+'02.04'!M11 -> #REF! | N11: 875 | O11: 0 | P11: =O11+'02.04'!P11 -> #REF! | Q11: 2424 | R11: 0 | S11: =R11+'02.04'!S11 -> #REF! | T11: 69 | U11: 0 | V11: =U11+'02.04'!V11 -> #REF! | W11: 133 | X11: 80 | Y11: =X11+'02.04'!Y11 -> #REF! | Z11: 1116 | AA11: 0 | AB11: =AA11+'02.04'!AB11 -> #REF! | AC11: 9862 | AD11: 8 | AE11: =AD11+'02.04'!AE11 -> #REF! | AF11: =AH11+AJ11+AL11+AN11 -> 171500 | AG11: =AI11+AK11+AM11+AO11 -> #REF! | AH11: 7300 | AI11: =AH11+'02.04'!AI11 -> #REF! | AJ11: 9200 | AK11: =AJ11+'02.04'!AK11 -> #REF! | AL11: 52000 | AM11: =AL11+'02.04'!AM11 -> #REF! | AN11: 103000 | AO11: =AN11+'02.04'!AO11 -> #REF! | AP11: Тошкент вилояти | AQ11: =AS11+AU11+AW11+AY11+BA11 -> 13 | AR11: =AT11+AV11+AX11+AZ11+BB11 -> #REF! | AS11: 0 | AT11: =AS11+'02.04'!AT11 -> #REF! | AU11: 0 | AV11: =AU11+'02.04'!AV11 -> #REF! | AW11: 0 | AX11: =AW11+'02.04'!AX11 -> #REF! | AY11: 0 | AZ11: =AY11+'02.04'!AZ11 -> #REF! | BA11: 13 | BB11: =BA11+'02.04'!BB11 -> #REF! | BC11: =BE11+BG11+BI11+BK11+BM11 -> 5951 | BD11: =BF11+BH11+BJ11+BL11+BN11 -> #REF! | BE11: 13 | BF11: =BE11+'02.04'!BF11 -> #REF! | BG11: 7 | BH11: =BG11+'02.04'!BH11 -> #REF! | BI11: 5800 | BJ11: =BI11+'02.04'!BJ11 -> #REF! | BK11: 131 | BL11: =BK11+'02.04'!BL11 -> #REF! | BN11: =BM11+'02.04'!BN11 -> #REF! | BO11: 11506 | BP11: 9 | BQ11: =BP11+'02.04'!BQ11 -> #REF!
A12: Андижон вилояти | B12: =E12+H12+K12+N12+Q12+T12+W12+Z12+AC12 -> 30164 | C12: =F12+I12+L12+O12+R12+U12+X12+AA12+AD12 -> 409 | D12: =G12+J12+M12+P12+S12+V12+Y12+AB12+AE12 -> #REF! | E12: 909 | F12: 51 | G12: =F12+'02.04'!G12 -> #REF! | H12: 80 | I12: 3 | J12: =I12+'02.04'!J12 -> #REF! | K12: 5 | L12: 0 | M12: =L12+'02.04'!M12 -> #REF! | N12: 820 | O12: 18 | P12: =O12+'02.04'!P12 -> #REF! | Q12: 549 | R12: 0 | S12: =R12+'02.04'!S12 -> #REF! | T12: 992 | U12: 0 | V12: =U12+'02.04'!V12 -> #REF! | W12: 38 | X12: 142 | Y12: =X12+'02.04'!Y12 -> #REF! | Z12: 68 | AA12: 0 | AB12: =AA12+'02.04'!AB12 -> #REF! | AC12: 26703 | AD12: 195 | AE12: =AD12+'02.04'!AE12 -> #REF! | AF12: =AH12+AJ12+AL12+AN12 -> 30600 | AG12: =AI12+AK12+AM12+AO12 -> #REF! | AH12: 5100 | AI12: =AH12+'02.04'!AI12 -> #REF! | AJ12: 12100 | AK12: =AJ12+'02.04'!AK12 -> #REF! | AL12: 400 | AM12: =AL12+'02.04'!AM12 -> #REF! | AN12: 13000 | AO12: =AN12+'02.04'!AO12 -> #REF! | AP12: Андижон вилояти | AQ12: =AS12+AU12+AW12+AY12+BA12 -> 89 | AR12: =AT12+AV12+AX12+AZ12+BB12 -> #REF! | AS12: 0 | AT12: =AS12+'02.04'!AT12 -> #REF! | AU12: 0 | AV12: =AU12+'02.04'!AV12 -> #REF! | AW12: 0 | AX12: =AW12+'02.04'!AX12 -> #REF! | AY12: 0 | AZ12: =AY12+'02.04'!AZ12 -> #REF! | BA12: 89 | BB12: =BA12+'02.04'!BB12 -> #REF! | BC12: =BE12+BG12+BI12+BK12+BM12 -> 3307 | BD12: =BF12+BH12+BJ12+BL12+BN12 -> #REF! | BE12: 95 | BF12: =BE12+'02.04'!BF12 -> #REF! | BG12: 12 | BH12: =BG12+'02.04'!BH12 -> #REF! | BI12: 2800 | BJ12: =BI12+'02.04'!BJ12 -> #REF! | BK12: 400 | BL12: =BK12+'02.04'!BL12 -> #REF! | BM12: 0 | BN12: =BM12+'02.04'!BN12 -> #REF! | BP12: 1 | BQ12: =BP12+'02.04'!BQ12 -> #REF!
A13: Бухоро вилояти | B13: =E13+H13+K13+N13+Q13+T13+W13+Z13+AC13 -> 2044 | C13: =F13+I13+L13+O13+R13+U13+X13+AA13+AD13 -> 10 | D13: =G13+J13+M13+P13+S13+V13+Y13+AB13+AE13 -> #REF! | E13: 516 | F13: 1 | G13: =F13+'02.04'!G13 -> #REF! | H13: 10 | I13: 0 | J13: =I13+'02.04'!J13 -> #REF! | K13: 38 | L13: 0 | M13: =L13+'02.04'!M13 -> #REF! | N13: 581 | O13: 1 | P13: =O13+'02.04'!P13 -> #REF! | Q13: 525 | S13: =R13+'02.04'!S13 -> #REF! | T13: 263 | U13: 0 | V13: =U13+'02.04'!V13 -> #REF! | W13: 43 | X13: 0 | Y13: =X13+'02.04'!Y13 -> #REF! | Z13: 17 | AA13: 0 | AB13: =AA13+'02.04'!AB13 -> #REF! | AC13: 51 | AD13: 8 | AE13: =AD13+'02.04'!AE13 -> #REF! | AF13: =AH13+AJ13+AL13+AN13 -> 326700 | AG13: =AI13+AK13+AM13+AO13 -> #REF! | AH13: 4000 | AI13: =AH13+'02.04'!AI13 -> #REF! | AJ13: 12700 | AK13: =AJ13+'02.04'!AK13 -> #REF! | AL13: 20000 | AM13: =AL13+'02.04'!AM13 -> #REF! | AN13: 290000 | AO13: =AN13+'02.04'!AO13 -> #REF! | AP13: Бухоро вилояти | AQ13: =AS13+AU13+AW13+AY13+BA13 -> 52 | AR13: =AT13+AV13+AX13+AZ13+BB13 -> #REF! | AS13: 1 | AT13: =AS13+'02.04'!AT13 -> #REF! | AU13: 1 | AV13: =AU13+'02.04'!AV13 -> #REF! | AW13: 0 | AX13: =AW13+'02.04'!AX13 -> #REF! | AY13: 0 | AZ13: =AY13+'02.04'!AZ13 -> #REF! | BA13: 50 | BB13: =BA13+'02.04'!BB13 -> #REF! | BC13: =BE13+BG13+BI13+BK13+BM13 -> 12737 | BD13: =BF13+BH13+BJ13+BL13+BN13 -> #REF! | BE13: 516 | BF13: =BE13+'02.04'!BF13 -> #REF! | BG13: 21 | BH13: =BG13+'02.04'!BH13 -> #REF! | BI13: 12000 | BJ13: =BI13+'02.04'!BJ13 -> #REF! | BK13: 200 | BL13: =BK13+'02.04'!BL13 -> #REF! | BM13: 0 | BN13: =BM13+'02.04'!BN13 -> #REF! | BP13: 1 | BQ13: =BP13+'02.04'!BQ13 -> #REF!
A14: Жиззах вилояти | B14: =E14+H14+K14+N14+Q14+T14+W14+Z14+AC14 -> 3916 | C14: =F14+I14+L14+O14+R14+U14+X14+AA14+AD14 -> 140 | D14: =G14+J14+M14+P14+S14+V14+Y14+AB14+AE14 -> #REF! | E14: 304 | F14: 52 | G14: =F14+'02.04'!G14 -> #REF! | H14: 5 | I14: 0 | J14: =I14+'02.04'!J14 -> #REF! | K14: 34 | L14: 0 | M14: =L14+'02.04'!M14 -> #REF! | N14: 583 | O14: 0 | P14: =O14+'02.04'!P14 -> #REF! | Q14: 254 | R14: 0 | S14: =R14+'02.04'!S14 -> #REF! | T14: 196 | U14: 0 | V14: =U14+'02.04'!V14 -> #REF! | W14: 30 | X14: 80 | Y14: =X14+'02.04'!Y14 -> #REF! | Z14: 10 | AA14: 0 | AB14: =AA14+'02.04'!AB14 -> #REF! | AC14: 2500 | AD14: 8 | AE14: =AD14+'02.04'!AE14 -> #REF! | AF14: =AH14+AJ14+AL14+AN14 -> 171500 | AG14: =AI14+AK14+AM14+AO14 -> #REF! | AH14: 7300 | AI14: =AH14+'02.04'!AI14 -> #REF! | AJ14: 9200 | AK14: =AJ14+'02.04'!AK14 -> #REF! | AL14: 52000 | AM14: =AL14+'02.04'!AM14 -> #REF! | AN14: 103000 | AO14: =AN14+'02.04'!AO14 -> #REF! | AP14: Жиззах вилояти | AQ14: =AS14+AU14+AW14+AY14+BA14 -> 13 | AR14: =AT14+AV14+AX14+AZ14+BB14 -> #REF! | AS14: 0 | AT14: =AS14+'02.04'!AT14 -> #REF! | AU14: 0 | AV14: =AU14+'02.04'!AV14 -> #REF! | AW14: 0 | AX14: =AW14+'02.04'!AX14 -> #REF! | AY14: 0 | AZ14: =AY14+'02.04'!AZ14 -> #REF! | BA14: 13 | BB14: =BA14+'02.04'!BB14 -> #REF! | BC14: =BE14+BG14+BI14+BK14+BM14 -> 5951 | BD14: =BF14+BH14+BJ14+BL14+BN14 -> #REF! | BE14: 13 | BF14: =BE14+'02.04'!BF14 -> #REF! | BG14: 7 | BH14: =BG14+'02.04'!BH14 -> #REF! | BI14: 5800 | BJ14: =BI14+'02.04'!BJ14 -> #REF! | BK14: 131 | BL14: =BK14+'02.04'!BL14 -> #REF! | BM14: 0 | BN14: =BM14+'02.04'!BN14 -> #REF! | BO14: 2 | BP14: 9 | BQ14: =BP14+'02.04'!BQ14 -> #REF!
A15: Қашқадарё вилояти | B15: =E15+H15+K15+N15+Q15+T15+W15+Z15+AC15 -> 3897 | C15: =F15+I15+L15+O15+R15+U15+X15+AA15+AD15 -> 463 | D15: =G15+J15+M15+P15+S15+V15+Y15+AB15+AE15 -> #REF! | E15: 776 | F15: 310 | G15: =F15+'02.04'!G15 -> #REF! | H15: 9 | I15: 0 | J15: =I15+'02.04'!J15 -> #REF! | K15: 6 | L15: 0 | M15: =L15+'02.04'!M15 -> #REF! | N15: 1305 | O15: 0 | P15: =O15+'02.04'!P15 -> #REF! | Q15: 447 | R15: 0 | S15: =R15+'02.04'!S15 -> #REF! | T15: 337 | U15: 0 | V15: =U15+'02.04'!V15 -> #REF! | W15: 78 | X15: 0 | Y15: =X15+'02.04'!Y15 -> #REF! | Z15: 141 | AA15: 0 | AB15: =AA15+'02.04'!AB15 -> #REF! | AC15: 798 | AD15: 153 | AE15: =AD15+'02.04'!AE15 -> #REF! | AF15: =AH15+AJ15+AL15+AN15 -> 7198 | AG15: =AI15+AK15+AM15+AO15 -> #REF! | AH15: 1050 | AI15: =AH15+'02.04'!AI15 -> #REF! | AJ15: 3700 | AK15: =AJ15+'02.04'!AK15 -> #REF! | AL15: 1224 | AM15: =AL15+'02.04'!AM15 -> #REF! | AN15: 1224 | AO15: =AN15+'02.04'!AO15 -> #REF! | AP15: Қашқадарё вилояти | AQ15: =AS15+AU15+AW15+AY15+BA15 -> 4 | AR15: =AT15+AV15+AX15+AZ15+BB15 -> #REF! | AS15: 0 | AT15: =AS15+'02.04'!AT15 -> #REF! | AU15: 0 | AV15: =AU15+'02.04'!AV15 -> #REF! | AW15: 0 | AX15: =AW15+'02.04'!AX15 -> #REF! | AY15: 0 | AZ15: =AY15+'02.04'!AZ15 -> #REF! | BA15: 4 | BB15: =BA15+'02.04'!BB15 -> #REF! | BC15: =BE15+BG15+BI15+BK15+BM15 -> 1906 | BD15: =BF15+BH15+BJ15+BL15+BN15 -> #REF! | BE15: 63 | BF15: =BE15+'02.04'!BF15 -> #REF! | BG15: 3 | BH15: =BG15+'02.04'!BH15 -> #REF! | BI15: 920 | BJ15: =BI15+'02.04'!BJ15 -> #REF! | BK15: 920 | BL15: =BK15+'02.04'!BL15 -> #REF! | BM15: 0 | BN15: =BM15+'02.04'!BN15 -> #REF! | BO15: 6274 | BP15: 2 | BQ15: =BP15+'02.04'!BQ15 -> #REF! | BR15: умумий утирганлар билан
A16: Навоий вилояти | B16: =E16+H16+K16+N16+Q16+T16+W16+Z16+AC16 -> 19901 | C16: =F16+I16+L16+O16+R16+U16+X16+AA16+AD16 -> 143 | D16: =G16+J16+M16+P16+S16+V16+Y16+AB16+AE16 -> #REF! | E16: 310 | F16: 51 | G16: =F16+'02.04'!G16 -> #REF! | H16: 5 | I16: 0 | J16: =I16+'02.04'!J16 -> #REF! | K16: 3 | L16: 0 | M16: =L16+'02.04'!M16 -> #REF! | N16: 384 | O16: 0 | P16: =O16+'02.04'!P16 -> #REF! | Q16: 245 | R16: 0 | S16: =R16+'02.04'!S16 -> #REF! | T16: 397 | U16: 0 | V16: =U16+'02.04'!V16 -> #REF! | W16: 24 | X16: 43 | Y16: =X16+'02.04'!Y16 -> #REF! | Z16: 18 | AA16: 0 | AB16: =AA16+'02.04'!AB16 -> #REF! | AC16: 18515 | AD16: 49 | AE16: =AD16+'02.04'!AE16 -> #REF! | AF16: =AH16+AJ16+AL16+AN16 -> 65939 | AG16: =AI16+AK16+AM16+AO16 -> #REF! | AH16: 250 | AI16: =AH16+'02.04'!AI16 -> #REF! | AJ16: 1374 | AK16: =AJ16+'02.04'!AK16 -> #REF! | AL16: 2170 | AM16: =AL16+'02.04'!AM16 -> #REF! | AN16: 62145 | AO16: =AN16+'02.04'!AO16 -> #REF! | AP16: Навоий вилояти | AQ16: =AS16+AU16+AW16+AY16+BA16 -> 59 | AR16: =AT16+AV16+AX16+AZ16+BB16 -> #REF! | AS16: 0 | AT16: =AS16+'02.04'!AT16 -> #REF! | AU16: 0 | AV16: =AU16+'02.04'!AV16 -> #REF! | AW16: 0 | AX16: =AW16+'02.04'!AX16 -> #REF! | AY16: 0 | AZ16: =AY16+'02.04'!AZ16 -> #REF! | BA16: 59 | BB16: =BA16+'02.04'!BB16 -> #REF! | BC16: =BE16+BG16+BI16+BK16+BM16 -> 1598 | BD16: =BF16+BH16+BJ16+BL16+BN16 -> #REF! | BE16: 73 | BF16: =BE16+'02.04'!BF16 -> #REF! | BG16: 1 | BH16: =BG16+'02.04'!BH16 -> #REF! | BI16: 1264 | BJ16: =BI16+'02.04'!BJ16 -> #REF! | BK16: 260 | BL16: =BK16+'02.04'!BL16 -> #REF! | BM16: 0 | BN16: =BM16+'02.04'!BN16 -> #REF! | BO16: 2546 | BP16: 0 | BQ16: =BP16+'02.04'!BQ16 -> #REF!
A17: Наманган вилояти | B17: =E17+H17+K17+N17+Q17+T17+W17+Z17+AC17 -> 5602 | C17: =F17+I17+L17+O17+R17+U17+X17+AA17+AD17 -> 150 | D17: =G17+J17+M17+P17+S17+V17+Y17+AB17+AE17 -> #REF! | E17: 754 | F17: 80 | G17: =F17+'02.04'!G17 -> #REF! | H17: 9 | I17: 0 | J17: =I17+'02.04'!J17 -> #REF! | K17: 5 | L17: 0 | M17: =L17+'02.04'!M17 -> #REF! | N17: 768 | O17: 0 | P17: =O17+'02.04'!P17 -> #REF! | Q17: 624 | R17: 0 | S17: =R17+'02.04'!S17 -> #REF! | T17: 742 | U17: 0 | V17: =U17+'02.04'!V17 -> #REF! | W17: 54 | X17: 55 | Y17: =X17+'02.04'!Y17 -> #REF! | Z17: 66 | AA17: 0 | AB17: =AA17+'02.04'!AB17 -> #REF! | AC17: 2580 | AD17: 15 | AE17: =AD17+'02.04'!AE17 -> #REF! | AF17: =AH17+AJ17+AL17+AN17 -> 174500 | AG17: =AI17+AK17+AM17+AO17 -> #REF! | AH17: 10000 | AI17: =AH17+'02.04'!AI17 -> #REF! | AJ17: 9500 | AK17: =AJ17+'02.04'!AK17 -> #REF! | AL17: 65000 | AM17: =AL17+'02.04'!AM17 -> #REF! | AN17: 90000 | AO17: =AN17+'02.04'!AO17 -> #REF! | AP17: Наманган вилояти | AQ17: =AS17+AU17+AW17+AY17+BA17 -> 15 | AR17: =AT17+AV17+AX17+AZ17+BB17 -> #REF! | AS17: 0 | AT17: =AS17+'02.04'!AT17 -> #REF! | AU17: 1 | AV17: =AU17+'02.04'!AV17 -> #REF! | AW17: 0 | AX17: =AW17+'02.04'!AX17 -> #REF! | AY17: 0 | AZ17: =AY17+'02.04'!AZ17 -> #REF! | BA17: 14 | BB17: =BA17+'02.04'!BB17 -> #REF! | BC17: =BE17+BG17+BI17+BK17+BM17 -> 1510 | BD17: =BF17+BH17+BJ17+BL17+BN17 -> #REF! | BE17: 46 | BF17: =BE17+'02.04'!BF17 -> #REF! | BG17: 4 | BH17: =BG17+'02.04'!BH17 -> #REF! | BI17: 1300 | BJ17: =BI17+'02.04'!BJ17 -> #REF! | BK17: 160 | BL17: =BK17+'02.04'!BL17 -> #REF! | BM17: 0 | BN17: =BM17+'02.04'!BN17 -> #REF! | BO17: 8022 | BP17: 10 | BQ17: =BP17+'02.04'!BQ17 -> #REF!
A18: Самарқанд вилояти | B18: =E18+H18+K18+N18+Q18+T18+W18+Z18+AC18 -> 3791 | C18: =F18+I18+L18+O18+R18+U18+X18+AA18+AD18 -> 561 | D18: =G18+J18+M18+P18+S18+V18+Y18+AB18+AE18 -> #REF! | E18: 1063 | F18: 315 | G18: =F18+'02.04'!G18 -> #REF! | H18: 19 | I18: 0 | J18: =I18+'02.04'!J18 -> #REF! | K18: 8 | L18: 0 | M18: =L18+'02.04'!M18 -> #REF! | N18: 1331 | O18: 0 | P18: =O18+'02.04'!P18 -> #REF! | Q18: 777 | R18: 0 | S18: =R18+'02.04'!S18 -> #REF! | T18: 318 | U18: 0 | V18: =U18+'02.04'!V18 -> #REF! | W18: 60 | X18: 246 | Y18: =X18+'02.04'!Y18 -> #REF! | Z18: 72 | AA18: 0 | AB18: =AA18+'02.04'!AB18 -> #REF! | AC18: 143 | AD18: 0 | AE18: =AD18+'02.04'!AE18 -> #REF! | AF18: =AH18+AJ18+AL18+AN18 -> 346870 | AG18: =AI18+AK18+AM18+AO18 -> #REF! | AH18: 742 | AI18: =AH18+'02.04'!AI18 -> #REF! | AJ18: 4985 | AK18: =AJ18+'02.04'!AK18 -> #REF! | AL18: 6348 | AM18: =AL18+'02.04'!AM18 -> #REF! | AN18: 334795 | AO18: =AN18+'02.04'!AO18 -> #REF! | AP18: Самарқанд вилояти | AQ18: =AS18+AU18+AW18+AY18+BA18 -> 8 | AR18: =AT18+AV18+AX18+AZ18+BB18 -> #REF! | AS18: 1 | AT18: =AS18+'02.04'!AT18 -> #REF! | AU18: 0 | AV18: =AU18+'02.04'!AV18 -> #REF! | AW18: 0 | AX18: =AW18+'02.04'!AX18 -> #REF! | AY18: 0 | AZ18: =AY18+'02.04'!AZ18 -> #REF! | BA18: 7 | BB18: =BA18+'02.04'!BB18 -> #REF! | BC18: =BE18+BG18+BI18+BK18+BM18 -> 3158 | BD18: =BF18+BH18+BJ18+BL18+BN18 -> #REF! | BE18: 3 | BF18: =BE18+'02.04'!BF18 -> #REF! | BG18: 0 | BH18: =BG18+'02.04'!BH18 -> #REF! | BI18: 3018 | BJ18: =BI18+'02.04'!BJ18 -> #REF! | BK18: 137 | BL18: =BK18+'02.04'!BL18 -> #REF! | BM18: 0 | BN18: =BM18+'02.04'!BN18 -> #REF! | BO18: 442 | BP18: 0 | BQ18: =BP18+'02.04'!BQ18 -> #REF!
A19: Сирдарё вилояти | B19: =E19+H19+K19+N19+Q19+T19+W19+Z19+AC19 -> 1040 | C19: =F19+I19+L19+O19+R19+U19+X19+AA19+AD19 -> 44 | D19: =G19+J19+M19+P19+S19+V19+Y19+AB19+AE19 -> #REF! | E19: 221 | F19: 8 | G19: =F19+'02.04'!G19 -> #REF! | H19: 5 | I19: 0 | J19: =I19+'02.04'!J19 -> #REF! | K19: 4 | L19: 0 | M19: =L19+'02.04'!M19 -> #REF! | N19: 313 | O19: 0 | P19: =O19+'02.04'!P19 -> #REF! | Q19: 203 | R19: 0 | S19: =R19+'02.04'!S19 -> #REF! | T19: 241 | U19: 0 | V19: =U19+'02.04'!V19 -> #REF! | W19: 14 | X19: 19 | Y19: =X19+'02.04'!Y19 -> #REF! | Z19: 7 | AA19: 0 | AB19: =AA19+'02.04'!AB19 -> #REF! | AC19: 32 | AD19: 17 | AE19: =AD19+'02.04'!AE19 -> #REF! | AF19: =AH19+AJ19+AL19+AN19 -> 4100 | AG19: =AI19+AK19+AM19+AO19 -> #REF! | AH19: 750 | AI19: =AH19+'02.04'!AI19 -> #REF! | AJ19: 750 | AK19: =AJ19+'02.04'!AK19 -> #REF! | AL19: 1300 | AM19: =AL19+'02.04'!AM19 -> #REF! | AN19: 1300 | AO19: =AN19+'02.04'!AO19 -> #REF! | AP19: Сирдарё вилояти | AQ19: =AS19+AU19+AW19+AY19+BA19 -> 1 | AR19: =AT19+AV19+AX19+AZ19+BB19 -> #REF! | AS19: 1 | AT19: =AS19+'02.04'!AT19 -> #REF! | AU19: 0 | AV19: =AU19+'02.04'!AV19 -> #REF! | AW19: 0 | AX19: =AW19+'02.04'!AX19 -> #REF! | AY19: 0 | AZ19: =AY19+'02.04'!AZ19 -> #REF! | BA19: 0 | BB19: =BA19+'02.04'!BB19 -> #REF! | BC19: =BE19+BG19+BI19+BK19+BM19 -> 1512 | BD19: =BF19+BH19+BJ19+BL19+BN19 -> #REF! | BE19: 12 | BF19: =BE19+'02.04'!BF19 -> #REF! | BG19: 0 | BH19: =BG19+'02.04'!BH19 -> #REF! | BI19: 1100 | BJ19: =BI19+'02.04'!BJ19 -> #REF! | BK19: 400 | BL19: =BK19+'02.04'!BL19 -> #REF! | BM19: 0 | BN19: =BM19+'02.04'!BN19 -> #REF! | BO19: 2898 | BP19: 0 | BQ19: =BP19+'02.04'!BQ19 -> #REF!
A20: Сурхондарё вилояти | B20: =E20+H20+K20+N20+Q20+T20+W20+Z20+AC20 -> 5228 | C20: =F20+I20+L20+O20+R20+U20+X20+AA20+AD20 -> 345 | D20: =G20+J20+M20+P20+S20+V20+Y20+AB20+AE20 -> #REF! | E20: 723 | F20: 224 | G20: =F20+'02.04'!G20 -> #REF! | H20: 5 | I20: 1 | J20: =I20+'02.04'!J20 -> #REF! | K20: 3 | L20: 0 | M20: =L20+'02.04'!M20 -> #REF! | N20: 975 | O20: 48 | P20: =O20+'02.04'!P20 -> #REF! | Q20: 1862 | R20: 2 | S20: =R20+'02.04'!S20 -> #REF! | T20: 35 | U20: 2 | V20: =U20+'02.04'!V20 -> #REF! | W20: 64 | X20: 3 | Y20: =X20+'02.04'!Y20 -> #REF! | Z20: 15 | AA20: 1 | AB20: =AA20+'02.04'!AB20 -> #REF! | AC20: 1546 | AD20: 64 | AE20: =AD20+'02.04'!AE20 -> #REF! | AF20: =AH20+AJ20+AL20+AN20 -> 15150 | AG20: =AI20+AK20+AM20+AO20 -> #REF! | AH20: 6750 | AI20: =AH20+'02.04'!AI20 -> #REF! | AJ20: 7900 | AK20: =AJ20+'02.04'!AK20 -> #REF! | AL20: 350 | AM20: =AL20+'02.04'!AM20 -> #REF! | AN20: 150 | AO20: =AN20+'02.04'!AO20 -> #REF! | AP20: Сурхондарё вилояти | AQ20: =AS20+AU20+AW20+AY20+BA20 -> 241 | AR20: =AT20+AV20+AX20+AZ20+BB20 -> #REF! | AS20: 1 | AT20: =AS20+'02.04'!AT20 -> #REF! | AU20: 0 | AV20: =AU20+'02.04'!AV20 -> #REF! | AW20: 0 | AX20: =AW20+'02.04'!AX20 -> #REF! | AY20: 0 | AZ20: =AY20+'02.04'!AZ20 -> #REF! | BA20: 240 | BB20: =BA20+'02.04'!BB20 -> #REF! | BC20: =BE20+BG20+BI20+BK20+BM20 -> 2660 | BD20: =BF20+BH20+BJ20+BL20+BN20 -> #REF! | BE20: 242 | BF20: =BE20+'02.04'!BF20 -> #REF! | BG20: 0 | BH20: =BG20+'02.04'!BH20 -> #REF! | BI20: 800 | BJ20: =BI20+'02.04'!BJ20 -> #REF! | BK20: 1618 | BL20: =BK20+'02.04'!BL20 -> #REF! | BM20: 0 | BN20: =BM20+'02.04'!BN20 -> #REF! | BO20: 5854 | BP20: 0 | BQ20: =BP20+'02.04'!BQ20 -> #REF! | BR20: 1862 та давлатники | BU20: 1302 та хусусий
A21: Фарғона | B21: =E21+H21+K21+N21+Q21+T21+W21+Z21+AC21 -> 3266 | C21: =F21+I21+L21+O21+R21+U21+X21+AA21+AD21 -> 537 | D21: =G21+J21+M21+P21+S21+V21+Y21+AB21+AE21 -> #REF! | E21: 1017 | F21: 300 | G21: =F21+'02.04'!G21 -> #REF! | H21: 8 | I21: 5 | J21: =I21+'02.04'!J21 -> #REF! | K21: 4 | L21: 0 | M21: =L21+'02.04'!M21 -> #REF! | N21: 963 | O21: 0 | P21: =O21+'02.04'!P21 -> #REF! | Q21: 912 | R21: 0 | S21: =R21+'02.04'!S21 -> #REF! | T21: 199 | U21: 7 | V21: =U21+'02.04'!V21 -> #REF! | W21: 101 | X21: 15 | Y21: =X21+'02.04'!Y21 -> #REF! | Z21: 42 | AA21: 1 | AB21: =AA21+'02.04'!AB21 -> #REF! | AC21: 20 | AD21: 209 | AE21: =AD21+'02.04'!AE21 -> #REF! | AF21: =AH21+AJ21+AL21+AN21 -> 610000 | AG21: =AI21+AK21+AM21+AO21 -> #REF! | AH21: 5000 | AI21: =AH21+'02.04'!AI21 -> #REF! | AJ21: 250000 | AK21: =AJ21+'02.04'!AK21 -> #REF! | AL21: 10000 | AM21: =AL21+'02.04'!AM21 -> #REF! | AN21: 345000 | AO21: =AN21+'02.04'!AO21 -> #REF! | AP21: Фарғона | AQ21: =AS21+AU21+AW21+AY21+BA21 -> 8 | AR21: =AT21+AV21+AX21+AZ21+BB21 -> #REF! | AS21: 0 | AT21: =AS21+'02.04'!AT21 -> #REF! | AU21: 1 | AV21: =AU21+'02.04'!AV21 -> #REF! | AW21: 0 | AX21: =AW21+'02.04'!AX21 -> #REF! | AY21: 0 | AZ21: =AY21+'02.04'!AZ21 -> #REF! | BA21: 7 | BB21: =BA21+'02.04'!BB21 -> #REF! | BC21: =BE21+BG21+BI21+BK21+BM21 -> 10855 | BD21: =BF21+BH21+BJ21+BL21+BN21 -> #REF! | BE21: 855 | BF21: =BE21+'02.04'!BF21 -> #REF! | BG21: 0 | BH21: =BG21+'02.04'!BH21 -> #REF! | BI21: 10000 | BJ21: =BI21+'02.04'!BJ21 -> #REF! | BK21: 0 | BL21: =BK21+'02.04'!BL21 -> #REF! | BM21: 0 | BN21: =BM21+'02.04'!BN21 -> #REF! | BP21: 1 | BQ21: =BP21+'02.04'!BQ21 -> #REF!
A22: Хоразм | B22: =E22+H22+K22+N22+Q22+T22+W22+Z22+AC22 -> 1787 | C22: =F22+I22+L22+O22+R22+U22+X22+AA22+AD22 -> 1424 | D22: =G22+J22+M22+P22+S22+V22+Y22+AB22+AE22 -> #REF! | E22: 509 | F22: 450 | G22: =F22+'02.04'!G22 -> #REF! | H22: 8 | I22: 9 | J22: =I22+'02.04'!J22 -> #REF! | K22: 21 | L22: 20 | M22: =L22+'02.04'!M22 -> #REF! | N22: 560 | O22: 5 | P22: =O22+'02.04'!P22 -> #REF! | Q22: 375 | R22: 25 | S22: =R22+'02.04'!S22 -> #REF! | T22: 165 | U22: 23 | V22: =U22+'02.04'!V22 -> #REF! | W22: 28 | X22: 86 | Y22: =X22+'02.04'!Y22 -> #REF! | Z22: 9 | AA22: 0 | AB22: =AA22+'02.04'!AB22 -> #REF! | AC22: 112 | AD22: 806 | AE22: =AD22+'02.04'!AE22 -> #REF! | AF22: =AH22+AJ22+AL22+AN22 -> 84230 | AG22: =AI22+AK22+AM22+AO22 -> #REF! | AH22: 509 | AI22: =AH22+'02.04'!AI22 -> #REF! | AJ22: 9000 | AK22: =AJ22+'02.04'!AK22 -> #REF! | AL22: 221 | AM22: =AL22+'02.04'!AM22 -> #REF! | AN22: 74500 | AO22: =AN22+'02.04'!AO22 -> #REF! | AP22: Хоразм | AQ22: =AS22+AU22+AW22+AY22+BA22 -> 2149 | AR22: =AT22+AV22+AX22+AZ22+BB22 -> #REF! | AS22: 0 | AT22: =AS22+'02.04'!AT22 -> #REF! | AU22: 0 | AV22: =AU22+'02.04'!AV22 -> #REF! | AW22: 0 | AX22: =AW22+'02.04'!AX22 -> #REF! | AY22: 0 | AZ22: =AY22+'02.04'!AZ22 -> #REF! | BA22: 2149 | BB22: =BA22+'02.04'!BB22 -> #REF! | BC22: =BE22+BG22+BI22+BK22+BM22 -> 7650 | BD22: =BF22+BH22+BJ22+BL22+BN22 -> #REF! | BE22: 33 | BF22: =BE22+'02.04'!BF22 -> #REF! | BG22: 12 | BH22: =BG22+'02.04'!BH22 -> #REF! | BI22: 7574 | BJ22: =BI22+'02.04'!BJ22 -> #REF! | BK22: 31 | BL22: =BK22+'02.04'!BL22 -> #REF! | BM22: 0 | BN22: =BM22+'02.04'!BN22 -> #REF! | BO22: 26 | BP22: 35 | BQ22: =BP22+'02.04'!BQ22 -> #REF!
A23: ЖАМИ | B23: =E23+H23+K23+N23+Q23+T23+W23+Z23+AC23 -> 94991 | C23: =F23+I23+L23+O23+R23+U23+X23+AA23+AD23 -> 4511 | D23: =G23+J23+M23+P23+S23+V23+Y23+AB23+AE23 -> #REF! | E23: =+E18+E19+E22+E17+E16+E15+E14+E13+E12+E11+E10+E9+E8 -> 7282 | F23: =SUM(F8:F22) -> 1919 | G23: =SUM(G8:G22) -> #REF! | H23: =+H18+H19+H22+H17+H16+H15+H14+H13+H12+H11+H10+H9+H8 -> 271 | I23: =SUM(I8:I22) -> 20 | J23: =SUM(J8:J22) -> #REF! | K23: =+K18+K19+K22+K17+K16+K15+K14+K13+K12+K11+K10+K9+K8 -> 163 | L23: =SUM(L8:L22) -> 20 | M23: =SUM(M8:M22) -> #REF! | N23: =+N18+N19+N22+N17+N16+N15+N14+N13+N12+N11+N10+N9+N8 -> 8607 | O23: =SUM(O8:O22) -> 79 | P23: =SUM(P8:P22) -> #REF! | Q23: =+Q18+Q19+Q22+Q17+Q16+Q15+Q14+Q13+Q12+Q11+Q10+Q9+Q8 -> 7474 | R23: =SUM(R8:R22) -> 33 | S23: =SUM(S8:S22) -> #REF! | T23: =+T18+T19+T22+T17+T16+T15+T14+T13+T12+T11+T10+T9+T8 -> 4115 | U23: =SUM(U8:U22) -> 35 | V23: =SUM(V8:V22) -> #REF! | W23: =+W18+W19+W22+W17+W16+W15+W14+W13+W12+W11+W10+W9+W8 -> 604 | X23: =SUM(X8:X22) -> 770 | Y23: =SUM(Y8:Y22) -> #REF! | Z23: =+Z18+Z19+Z22+Z17+Z16+Z15+Z14+Z13+Z12+Z11+Z10+Z9+Z8 -> 1629 | AA23: =SUM(AA8:AA22) -> 3 | AB23: =AA23+'02.04'!AB23 -> #REF! | AC23: =+AC18+AC19+AC22+AC17+AC16+AC15+AC14+AC13+AC12+AC11+AC10+AC9+AC8 -> 64846 | AD23: =SUM(AD8:AD22) -> 1632 | AE23: =SUM(AE8:AE22) -> #REF! | AF23: =SUM(AF8:AF22) -> 2129115 | AG23: =SUM(AG8:AG22) -> #REF! | AH23: =SUM(AH8:AH22) -> 49715 | AI23: =SUM(AI8:AI22) -> #REF! | AJ23: =SUM(AJ8:AJ22) -> 334954 | AK23: =SUM(AK8:AK22) -> #REF! | ... AO23: =SUM(AO8:AO22) -> #REF! | AP23: ЖАМИ | AQ23: =SUM(AQ8:AQ22) -> 2720 | AR23: =SUM(AR8:AR22) -> #REF! | AS23: =SUM(AS8:AS22) -> 5 | AT23: =SUM(AT8:AT22) -> #REF! | AU23: =SUM(AU8:AU22) -> 3 | AV23: =SUM(AV8:AV22) -> #REF! | AW23: =SUM(AW8:AW22) -> 1 | AX23: =SUM(AX8:AX22) -> #REF! | ... BQ23: =SUM(BQ8:BQ22) -> #REF!

Sheet 04.04
A1: Худудий бўлинмалар ходимлари томонидан ахборот технологиялари соҳасидаги жиноятларни олдини олиш бўйича амалга оширилган ишлар | AP1: Худудий бўлинмалар ходимлари томонидан ахборот технологиялари соҳасидаги жиноятларни олдини олиш бўйича амалга оширилган ишлар
A2: Ҳ И С О Б О Т Ж А Д В А Л И | AP2: ҲИСОБОТ ЖАДВАЛИ
A3: 1-жадвал 01.03.2026 йил | AP3: 2-жадвал 01.03.2026 йил
A4: Худудлар | B4: Ўтказилган учрашувлар сони март ойи учун | AF4: Учрашувда иштирок этган фуқаролар сони | AP4: Худудлар | AQ4: Оммавий ахборот воситаларида чиқишлар сони | BC4: Тарқатилган материаллар | BO4: Суҳбатлар
B5: ЖАМИ | E5: маҳаллалар | H5: олий таълим муассасалари | K5: академик лицейлар | N5: ўрта таълим муассасалари | Q5: мактабгача таълим муассасалари | T5: касалхона ва поликлиника | W5: бозорлар ва савдо | Z5: ҲМҚОрганлари | AC5: бошқа идора ва ташкилотлар | AF5: ЖАМИ | AH5: учрашувлар давомида | AL5: Онлайн тарғибот давомида
AH6: 18 ёшгача | AJ6: 18 ёшдан катта | AL6: 18 ёшгача | AN6: 18 ёшдан катта | AQ6: Жами | AS6: телевидения | AU6: радио | AW6: газета | AY6: журнал | BA6: интернет (ижтимоий тармоқлар) | BC6: Жами | BE6: Видео ва конт | BG6: Баннер | BI6: Флаер | BK6: Буклет | BM6: Бошқа | BO6: Пробация рўйғатида турувчи шахслар билан ўтказилган суҳбат
B7: сони | C7: бир кунда | D7: ой бошидан | E7: сони | F7: бир кунда | G7: ой бошидан | H7: сони | I7: бир кунда | J7: ой бошидан | K7: сони | L7: бир кунда | M7: ой бошидан | N7: сони | O7: бир кунда | P7: ой бошидан | Q7: сони | R7: бир кунда | S7: ой бошидан | T7: сони | U7: бир кунда | V7: ой бошидан | W7: сони | X7: бир кунда | Y7: ой бошидан | Z7: сони | AA7: бир кунда | AB7: ой бошидан | AC7: сони | AD7: бир кунда | AE7: ой бошидан | AF7: бир кунда | AG7: ой бошидан | AH7: бир кунда | AI7: ой бошидан | AJ7: бир кунда | AK7: ой бошидан | AL7: бир кунда | AM7: ой бошидан | AN7: бир кунда | AO7: ой бошидан | AQ7: бир кунда | AR7: ой бошидан | AS7: бир кунда | AT7: ой бошидан | AU7: бир кунда | AV7: ой бошидан | AW7: бир кунда | AX7: ой бошидан | AY7: бир кунда | AZ7: ой бошидан | BA7: бир кунда | BB7: ой бошидан | BC7: бир кунда | BD7: ой бошидан | BE7: бир кунда | BF7: ой бошидан | BG7: бир кунда | BH7: ой бошидан | BI7: бир кунда | BJ7: ой бошидан | BK7: бир кунда | BL7: ой бошидан | BM7: бир кунда | BN7: ой бошидан | BO7: Сони | BP7: бир кунда | BQ7: ой бошидан
A8: ИИВ | B8: =E8+H8+K8+N8+Q8+T8+W8+Z8+AC8 -> 0 | C8: =F8+I8+L8+O8+R8+U8+X8+AA8+AD8 -> 0 | D8: =G8+J8+M8+P8+S8+V8+Y8+AB8+AE8 -> 0 | G8: =F8 -> 0 | J8: =I8 -> 0 | M8: =L8 -> 0 | P8: =O8 -> 0 | S8: =R8 -> 0 | V8: =U8 -> 0 | Y8: =X8 -> 0 | AB8: =AA8 -> 0 | AE8: =AD8 -> 0 | AF8: =AH8+AJ8+AL8+AN8 -> 0 | AG8: =AI8+AK8+AM8+AO8 -> 0 | AI8: =AH8 -> 0 | AK8: =AJ8 -> 0 | AM8: =AL8 -> 0 | AO8: =AN8 -> 0 | AP8: ИИВ | AQ8: =AS8+AU8+AW8+AY8+BA8 -> 0 | AR8: =AT8+AV8+AX8+AZ8+BB8 -> 0 | AT8: =AS8 -> 0 | AV8: =AU8 -> 0 | AX8: =AW8 -> 0 | AZ8: =AY8 -> 0 | BB8: =BA8 -> 0 | BC8: =BE8+BG8+BI8+BK8+BM8 -> 0 | BD8: =BF8+BH8+BJ8+BL8+BN8 -> 0 | BF8: =BE8 -> 0 | BH8: =BG8 -> 0 | BJ8: =BI8 -> 0 | BL8: =BK8 -> 0 | BQ8: =BP8 -> 0
A9: ҚКР | B9: =E9+H9+K9+N9+Q9+T9+W9+Z9+AC9 -> 3841 | C9: =F9+I9+L9+O9+R9+U9+X9+AA9+AD9 -> 3 | D9: =G9+J9+M9+P9+S9+V9+Y9+AB9+AE9 -> #REF! | E9: 452 | F9: 3 | G9: =F9+'03.04'!G9 -> #REF! | H9: 12 | I9: 0 | J9: =I9+'03.04'!J9 -> #REF! | K9: 2 | L9: 0 | M9: =L9+'03.04'!M9 -> #REF! | N9: 735 | O9: 0 | P9: =O9+'03.04'!P9 -> #REF! | Q9: 502 | R9: 0 | S9: =R9+'03.04'!S9 -> #REF! | T9: 197 | U9: 0 | V9: =U9+'03.04'!V9 -> #REF! | W9: 47 | X9: 0 | Y9: =X9+'03.04'!Y9 -> #REF! | Z9: 34 | AA9: 0 | AB9: =AA9+'03.04'!AB9 -> #REF! | AC9: 1860 | AD9: 0 | AE9: =AD9+'03.04'!AE9 -> #REF! | AF9: =AH9+AJ9+AL9+AN9 -> 7166 | AG9: =AI9+AK9+AM9+AO9 -> #REF! | AH9: 68 | AI9: =AH9+'03.04'!AI9 -> #REF! | AJ9: 298 | AK9: =AJ9+'03.04'!AK9 -> #REF! | AL9: 2550 | AM9: =AL9+'03.04'!AM9 -> #REF! | AN9: 4250 | AO9: =AN9+'03.04'!AO9 -> #REF! | AP9: ҚКР | AQ9: =AS9+AU9+AW9+AY9+BA9 -> 58 | AR9: =AT9+AV9+AX9+AZ9+BB9 -> #REF! | AS9: 1 | AT9: =AS9+'03.04'!AT9 -> #REF! | AU9: 1 | AV9: =AU9+'03.04'!AV9 -> #REF! | AW9: 1 | AX9: =AW9+'03.04'!AX9 -> #REF! | AY9: 1 | AZ9: =AY9+'03.04'!AZ9 -> #REF! | BA9: 54 | BB9: =BA9+'03.04'!BB9 -> #REF! | BC9: =BE9+BG9+BI9+BK9+BM9 -> 401 | BD9: =BF9+BH9+BJ9+BL9+BN9 -> #REF! | BE9: 1 | BF9: =BE9+'03.04'!BF9 -> #REF! | BG9: 0 | BH9: =BG9+'03.04'!BH9 -> #REF! | BI9: 400 | BJ9: =BI9+'03.04'!BJ9 -> #REF! | BK9: 0 | BL9: =BK9+'03.04'!BL9 -> #REF! | BM9: 0 | BN9: =BM9+'03.04'!BN9 -> #REF! | BO9: 14 | BP9: 0 | BQ9: =BP9+'03.04'!BQ9 -> #REF!
A10: Тошкент шаҳри | B10: =E10+H10+K10+N10+Q10+T10+W10+Z10+AC10 -> 3627 | C10: =F10+I10+L10+O10+R10+U10+X10+AA10+AD10 -> 179 | D10: =G10+J10+M10+P10+S10+V10+Y10+AB10+AE10 -> #REF! | E10: 585 | F10: 5 | G10: =F10+'03.04'!G10 -> #REF! | H10: 93 | I10: 1 | J10: =I10+'03.04'!J10 -> #REF! | K10: 34 | L10: 1 | M10: =L10+'03.04'!M10 -> #REF! | N10: 352 | O10: 4 | P10: =O10+'03.04'!P10 -> #REF! | Q10: 549 | R10: 1 | S10: =R10+'03.04'!S10 -> #REF! | T10: 198 | U10: 4 | V10: =U10+'03.04'!V10 -> #REF! | W10: 55 | X10: 8 | Y10: =X10+'03.04'!Y10 -> #REF! | Z10: 71 | AA10: 1 | AB10: =AA10+'03.04'!AB10 -> #REF! | AC10: 1690 | AD10: 154 | AE10: =AD10+'03.04'!AE10 -> #REF! | AF10: =AH10+AJ10+AL10+AN10 -> 118041 | AG10: =AI10+AK10+AM10+AO10 -> #REF! | AH10: 550 | AI10: =AH10+'03.04'!AI10 -> #REF! | AJ10: 3457 | AK10: =AJ10+'03.04'!AK10 -> #REF! | AL10: 17036 | AM10: =AL10+'03.04'!AM10 -> #REF! | AN10: 96998 | AO10: =AN10+'03.04'!AO10 -> #REF! | AP10: Тошкент шаҳри | AQ10: =AS10+AU10+AW10+AY10+BA10 -> 2 | AR10: =AT10+AV10+AX10+AZ10+BB10 -> #REF! | AS10: 0 | AT10: =AS10+'03.04'!AT10 -> #REF! | AU10: 0 | AV10: =AU10+'03.04'!AV10 -> #REF! | AW10: 0 | AX10: =AW10+'03.04'!AX10 -> #REF! | AY10: 0 | AZ10: =AY10+'03.04'!AZ10 -> #REF! | BA10: 2 | BB10: =BA10+'03.04'!BB10 -> #REF! | BC10: =BE10+BG10+BI10+BK10+BM10 -> 4608 | BD10: =BF10+BH10+BJ10+BL10+BN10 -> #REF! | BE10: 645 | BF10: =BE10+'03.04'!BF10 -> #REF! | BG10: 0 | BH10: =BG10+'03.04'!BH10 -> #REF! | BI10: 2692 | BJ10: =BI10+'03.04'!BJ10 -> #REF! | BK10: 1270 | BL10: =BK10+'03.04'!BL10 -> #REF! | BM10: 1 | BN10: =BM10+'03.04'!BN10 -> #REF! | BO10: 32 | BP10: 0 | BQ10: =BP10+'03.04'!BQ10 -> #REF!
A11: Тошкент вилояти | B11: =E11+H11+K11+N11+Q11+T11+W11+Z11+AC11 -> 15381 | C11: =F11+I11+L11+O11+R11+U11+X11+AA11+AD11 -> 150 | D11: =G11+J11+M11+P11+S11+V11+Y11+AB11+AE11 -> #REF! | E11: 883 | F11: 65 | G11: =F11+'03.04'!G11 -> #REF! | H11: 16 | I11: 0 | J11: =I11+'03.04'!J11 -> #REF! | K11: 3 | L11: 0 | M11: =L11+'03.04'!M11 -> #REF! | N11: 875 | O11: 0 | P11: =O11+'03.04'!P11 -> #REF! | Q11: 2424 | R11: 0 | S11: =R11+'03.04'!S11 -> #REF! | T11: 69 | U11: 0 | V11: =U11+'03.04'!V11 -> #REF! | W11: 133 | X11: 77 | Y11: =X11+'03.04'!Y11 -> #REF! | Z11: 1116 | AA11: 0 | AB11: =AA11+'03.04'!AB11 -> #REF! | AC11: 9862 | AD11: 8 | AE11: =AD11+'03.04'!AE11 -> #REF! | AF11: =AH11+AJ11+AL11+AN11 -> 181800 | AG11: =AI11+AK11+AM11+AO11 -> #REF! | AH11: 7600 | AI11: =AH11+'03.04'!AI11 -> #REF! | AJ11: 9200 | AK11: =AJ11+'03.04'!AK11 -> #REF! | AL11: 56000 | AM11: =AL11+'03.04'!AM11 -> #REF! | AN11: 109000 | AO11: =AN11+'03.04'!AO11 -> #REF! | AP11: Тошкент вилояти | AQ11: =AS11+AU11+AW11+AY11+BA11 -> 10 | AR11: =AT11+AV11+AX11+AZ11+BB11 -> #REF! | AS11: 0 | AT11: =AS11+'03.04'!AT11 -> #REF! | AU11: 0 | AV11: =AU11+'03.04'!AV11 -> #REF! | AW11: 0 | AX11: =AW11+'03.04'!AX11 -> #REF! | AY11: 0 | AZ11: =AY11+'03.04'!AZ11 -> #REF! | BA11: 10 | BB11: =BA11+'03.04'!BB11 -> #REF! | BC11: =BE11+BG11+BI11+BK11+BM11 -> 6050 | BD11: =BF11+BH11+BJ11+BL11+BN11 -> #REF! | BE11: 11 | BF11: =BE11+'03.04'!BF11 -> #REF! | BG11: 7 | BH11: =BG11+'03.04'!BH11 -> #REF! | BI11: 5900 | BJ11: =BI11+'03.04'!BJ11 -> #REF! | BK11: 132 | BL11: =BK11+'03.04'!BL11 -> #REF! | BM11: 0 | BN11: =BM11+'03.04'!BN11 -> #REF! | BO11: 11506 | BP11: 7 | BQ11: =BP11+'03.04'!BQ11 -> #REF!
A12: Андижон вилояти | B12: =E12+H12+K12+N12+Q12+T12+W12+Z12+AC12 -> 30164 | C12: =F12+I12+L12+O12+R12+U12+X12+AA12+AD12 -> 252 | D12: =G12+J12+M12+P12+S12+V12+Y12+AB12+AE12 -> #REF! | E12: 909 | F12: 43 | G12: =F12+'03.04'!G12 -> #REF! | H12: 80 | I12: 5 | J12: =I12+'03.04'!J12 -> #REF! | K12: 5 | L12: 0 | M12: =L12+'03.04'!M12 -> #REF! | N12: 820 | O12: 22 | P12: =O12+'03.04'!P12 -> #REF! | Q12: 549 | R12: 0 | S12: =R12+'03.04'!S12 -> #REF! | T12: 992 | U12: 0 | V12: =U12+'03.04'!V12 -> #REF! | W12: 38 | X12: 151 | Y12: =X12+'03.04'!Y12 -> #REF! | Z12: 68 | AA12: 0 | AB12: =AA12+'03.04'!AB12 -> #REF! | AC12: 26703 | AD12: 31 | AE12: =AD12+'03.04'!AE12 -> #REF! | AF12: =AH12+AJ12+AL12+AN12 -> 18000 | AG12: =AI12+AK12+AM12+AO12 -> #REF! | AH12: 6000 | AI12: =AH12+'03.04'!AI12 -> #REF! | AJ12: 10500 | AK12: =AJ12+'03.04'!AK12 -> #REF! | AL12: 300 | AM12: =AL12+'03.04'!AM12 -> #REF! | AN12: 1200 | AO12: =AN12+'03.04'!AO12 -> #REF! | AP12: Андижон вилояти | AQ12: =AS12+AU12+AW12+AY12+BA12 -> 97 | AR12: =AT12+AV12+AX12+AZ12+BB12 -> #REF! | AS12: 0 | AT12: =AS12+'03.04'!AT12 -> #REF! | AU12: 0 | AV12: =AU12+'03.04'!AV12 -> #REF! | AW12: 0 | AX12: =AW12+'03.04'!AX12 -> #REF! | AY12: 0 | AZ12: =AY12+'03.04'!AZ12 -> #REF! | BA12: 97 | BB12: =BA12+'03.04'!BB12 -> #REF! | BC12: =BE12+BG12+BI12+BK12+BM12 -> 2749 | BD12: =BF12+BH12+BJ12+BL12+BN12 -> #REF! | BE12: 134 | BF12: =BE12+'03.04'!BF12 -> #REF! | BG12: 15 | BH12: =BG12+'03.04'!BH12 -> #REF! | BI12: 2300 | BJ12: =BI12+'03.04'!BJ12 -> #REF! | BK12: 300 | BL12: =BK12+'03.04'!BL12 -> #REF! | BM12: 0 | BN12: =BM12+'03.04'!BN12 -> #REF! | BP12: 2 | BQ12: =BP12+'03.04'!BQ12 -> #REF!
A13: Бухоро вилояти | B13: =E13+H13+K13+N13+Q13+T13+W13+Z13+AC13 -> 2044 | C13: =F13+I13+L13+O13+R13+U13+X13+AA13+AD13 -> 3 | D13: =G13+J13+M13+P13+S13+V13+Y13+AB13+AE13 -> #REF! | E13: 516 | F13: 1 | G13: =F13+'03.04'!G13 -> #REF! | H13: 10 | I13: 0 | J13: =I13+'03.04'!J13 -> #REF! | K13: 38 | L13: 0 | M13: =L13+'03.04'!M13 -> #REF! | N13: 581 | O13: 1 | P13: =O13+'03.04'!P13 -> #REF! | Q13: 525 | R13: 0 | S13: =R13+'03.04'!S13 -> #REF! | T13: 263 | U13: 0 | V13: =U13+'03.04'!V13 -> #REF! | W13: 43 | X13: 0 | Y13: =X13+'03.04'!Y13 -> #REF! | Z13: 17 | AA13: 0 | AB13: =AA13+'03.04'!AB13 -> #REF! | AC13: 51 | AD13: 1 | AE13: =AD13+'03.04'!AE13 -> #REF! | AF13: =AH13+AJ13+AL13+AN13 -> 277000 | AG13: =AI13+AK13+AM13+AO13 -> #REF! | AH13: 1000 | AI13: =AH13+'03.04'!AI13 -> #REF! | AJ13: 6000 | AK13: =AJ13+'03.04'!AK13 -> #REF! | AL13: 20000 | AM13: =AL13+'03.04'!AM13 -> #REF! | AN13: 250000 | AO13: =AN13+'03.04'!AO13 -> #REF! | AP13: Бухоро вилояти | AQ13: =AS13+AU13+AW13+AY13+BA13 -> 20 | AR13: =AT13+AV13+AX13+AZ13+BB13 -> #REF! | AS13: 0 | AT13: =AS13+'03.04'!AT13 -> #REF! | AU13: 0 | AV13: =AU13+'03.04'!AV13 -> #REF! | AW13: 0 | AX13: =AW13+'03.04'!AX13 -> #REF! | AY13: 0 | AZ13: =AY13+'03.04'!AZ13 -> #REF! | BA13: 20 | BB13: =BA13+'03.04'!BB13 -> #REF! | BC13: =BE13+BG13+BI13+BK13+BM13 -> 4576 | BD13: =BF13+BH13+BJ13+BL13+BN13 -> #REF! | BE13: 516 | BF13: =BE13+'03.04'!BF13 -> #REF! | BG13: 10 | BH13: =BG13+'03.04'!BH13 -> #REF! | BI13: 4000 | BJ13: =BI13+'03.04'!BJ13 -> #REF! | BK13: 50 | BL13: =BK13+'03.04'!BL13 -> #REF! | BM13: 0 | BN13: =BM13+'03.04'!BN13 -> #REF! | BP13: 1 | BQ13: =BP13+'03.04'!BQ13 -> #REF!
A14: Жиззах вилояти | B14: =E14+H14+K14+N14+Q14+T14+W14+Z14+AC14 -> 3916 | C14: =F14+I14+L14+O14+R14+U14+X14+AA14+AD14 -> 426 | D14: =G14+J14+M14+P14+S14+V14+Y14+AB14+AE14 -> #REF! | E14: 304 | F14: 103 | G14: =F14+'03.04'!G14 -> #REF! | H14: 5 | I14: 0 | J14: =I14+'03.04'!J14 -> #REF! | K14: 34 | L14: 0 | M14: =L14+'03.04'!M14 -> #REF! | N14: 583 | O14: 0 | P14: =O14+'03.04'!P14 -> #REF! | Q14: 254 | R14: 0 | S14: =R14+'03.04'!S14 -> #REF! | T14: 196 | U14: 0 | V14: =U14+'03.04'!V14 -> #REF! | W14: 30 | X14: 15 | Y14: =X14+'03.04'!Y14 -> #REF! | Z14: 10 | AA14: 0 | AB14: =AA14+'03.04'!AB14 -> #REF! | AC14: 2500 | AD14: 308 | AE14: =AD14+'03.04'!AE14 -> #REF! | AF14: =AH14+AJ14+AL14+AN14 -> 198050 | AG14: =AI14+AK14+AM14+AO14 -> #REF! | AH14: 2540 | AI14: =AH14+'03.04'!AI14 -> #REF! | AJ14: 11140 | AK14: =AJ14+'03.04'!AK14 -> #REF! | AL14: 20520 | AM14: =AL14+'03.04'!AM14 -> #REF! | AN14: 163850 | AO14: =AN14+'03.04'!AO14 -> #REF! | AP14: Жиззах вилояти | AQ14: =AS14+AU14+AW14+AY14+BA14 -> 13 | AR14: =AT14+AV14+AX14+AZ14+BB14 -> #REF! | AS14: 1 | AT14: =AS14+'03.04'!AT14 -> #REF! | AU14: 1 | AV14: =AU14+'03.04'!AV14 -> #REF! | AW14: 1 | AX14: =AW14+'03.04'!AX14 -> #REF! | AY14: 0 | AZ14: =AY14+'03.04'!AZ14 -> #REF! | BA14: 10 | BB14: =BA14+'03.04'!BB14 -> #REF! | BC14: =BE14+BG14+BI14+BK14+BM14 -> 5241 | BD14: =BF14+BH14+BJ14+BL14+BN14 -> #REF! | BE14: 10 | BF14: =BE14+'03.04'!BF14 -> #REF! | BG14: 7 | BH14: =BG14+'03.04'!BH14 -> #REF! | BI14: 5200 | BJ14: =BI14+'03.04'!BJ14 -> #REF! | BK14: 24 | BL14: =BK14+'03.04'!BL14 -> #REF! | BM14: 0 | BN14: =BM14+'03.04'!BN14 -> #REF! | BO14: 2 | BP14: 0 | BQ14: =BP14+'03.04'!BQ14 -> #REF!
A15: Қашқадарё вилояти | B15: =E15+H15+K15+N15+Q15+T15+W15+Z15+AC15 -> 3897 | C15: =F15+I15+L15+O15+R15+U15+X15+AA15+AD15 -> 472 | D15: =G15+J15+M15+P15+S15+V15+Y15+AB15+AE15 -> #REF! | E15: 776 | F15: 325 | G15: =F15+'03.04'!G15 -> #REF! | H15: 9 | I15: 0 | J15: =I15+'03.04'!J15 -> #REF! | K15: 6 | L15: 0 | M15: =L15+'03.04'!M15 -> #REF! | N15: 1305 | O15: 0 | P15: =O15+'03.04'!P15 -> #REF! | Q15: 447 | R15: 0 | S15: =R15+'03.04'!S15 -> #REF! | T15: 337 | U15: 0 | V15: =U15+'03.04'!V15 -> #REF! | W15: 78 | X15: 0 | Y15: =X15+'03.04'!Y15 -> #REF! | Z15: 141 | AA15: 0 | AB15: =AA15+'03.04'!AB15 -> #REF! | AC15: 798 | AD15: 147 | AE15: =AD15+'03.04'!AE15 -> #REF! | AF15: =AH15+AJ15+AL15+AN15 -> 1270280 | AG15: =AI15+AK15+AM15+AO15 -> #REF! | AH15: 1030 | AI15: =AH15+'03.04'!AI15 -> #REF! | AJ15: 3400 | AK15: =AJ15+'03.04'!AK15 -> #REF! | AL15: 632925 | AM15: =AL15+'03.04'!AM15 -> #REF! | AN15: 632925 | AO15: =AN15+'03.04'!AO15 -> #REF! | AP15: Қашқадарё вилояти | AQ15: =AS15+AU15+AW15+AY15+BA15 -> 4 | AR15: =AT15+AV15+AX15+AZ15+BB15 -> #REF! | AS15: 0 | AT15: =AS15+'03.04'!AT15 -> #REF! | AU15: 0 | AV15: =AU15+'03.04'!AV15 -> #REF! | AW15: 0 | AX15: =AW15+'03.04'!AX15 -> #REF! | AY15: 0 | AZ15: =AY15+'03.04'!AZ15 -> #REF! | BA15: 4 | BB15: =BA15+'03.04'!BB15 -> #REF! | BC15: =BE15+BG15+BI15+BK15+BM15 -> 1948 | BD15: =BF15+BH15+BJ15+BL15+BN15 -> #REF! | BE15: 65 | BF15: =BE15+'03.04'!BF15 -> #REF! | BG15: 3 | BH15: =BG15+'03.04'!BH15 -> #REF! | BI15: 940 | BJ15: =BI15+'03.04'!BJ15 -> #REF! | BK15: 940 | BL15: =BK15+'03.04'!BL15 -> #REF! | BM15: 0 | BN15: =BM15+'03.04'!BN15 -> #REF! | BO15: 6274 | BP15: 2 | BQ15: =BP15+'03.04'!BQ15 -> #REF! | BR15: умумий утирганлар билан
A16: Навоий вилояти | B16: =E16+H16+K16+N16+Q16+T16+W16+Z16+AC16 -> 19901 | C16: =F16+I16+L16+O16+R16+U16+X16+AA16+AD16 -> 117 | D16: =G16+J16+M16+P16+S16+V16+Y16+AB16+AE16 -> #REF! | E16: 310 | F16: 46 | G16: =F16+'03.04'!G16 -> #REF! | H16: 5 | I16: 0 | J16: =I16+'03.04'!J16 -> #REF! | K16: 3 | L16: 0 | M16: =L16+'03.04'!M16 -> #REF! | N16: 384 | O16: 0 | P16: =O16+'03.04'!P16 -> #REF! | Q16: 245 | R16: 0 | S16: =R16+'03.04'!S16 -> #REF! | T16: 397 | U16: 0 | V16: =U16+'03.04'!V16 -> #REF! | W16: 24 | X16: 33 | Y16: =X16+'03.04'!Y16 -> #REF! | Z16: 18 | AA16: 0 | AB16: =AA16+'03.04'!AB16 -> #REF! | AC16: 18515 | AD16: 38 | AE16: =AD16+'03.04'!AE16 -> #REF! | AF16: =AH16+AJ16+AL16+AN16 -> 72943 | AG16: =AI16+AK16+AM16+AO16 -> #REF! | AH16: 270 | AI16: =AH16+'03.04'!AI16 -> #REF! | AJ16: 1261 | AK16: =AJ16+'03.04'!AK16 -> #REF! | AL16: 3183 | AM16: =AL16+'03.04'!AM16 -> #REF! | AN16: 68229 | AO16: =AN16+'03.04'!AO16 -> #REF! | AP16: Навоий вилояти | AQ16: =AS16+AU16+AW16+AY16+BA16 -> 72 | AR16: =AT16+AV16+AX16+AZ16+BB16 -> #REF! | AS16: 1 | AT16: =AS16+'03.04'!AT16 -> #REF! | AU16: 0 | AV16: =AU16+'03.04'!AV16 -> #REF! | AW16: 0 | AX16: =AW16+'03.04'!AX16 -> #REF! | AY16: 0 | AZ16: =AY16+'03.04'!AZ16 -> #REF! | BA16: 71 | BB16: =BA16+'03.04'!BB16 -> #REF! | BC16: =BE16+BG16+BI16+BK16+BM16 -> 1341 | BD16: =BF16+BH16+BJ16+BL16+BN16 -> #REF! | BE16: 89 | BF16: =BE16+'03.04'!BF16 -> #REF! | BG16: 2 | BH16: =BG16+'03.04'!BH16 -> #REF! | BI16: 950 | BJ16: =BI16+'03.04'!BJ16 -> #REF! | BK16: 300 | BL16: =BK16+'03.04'!BL16 -> #REF! | BM16: 0 | BN16: =BM16+'03.04'!BN16 -> #REF! | BO16: 2546 | BP16: 1 | BQ16: =BP16+'03.04'!BQ16 -> #REF!
A17: Наманган вилояти | B17: =E17+H17+K17+N17+Q17+T17+W17+Z17+AC17 -> 5602 | C17: =F17+I17+L17+O17+R17+U17+X17+AA17+AD17 -> 157 | D17: =G17+J17+M17+P17+S17+V17+Y17+AB17+AE17 -> #REF! | E17: 754 | F17: 80 | G17: =F17+'03.04'!G17 -> #REF! | H17: 9 | I17: 0 | J17: =I17+'03.04'!J17 -> #REF! | K17: 5 | L17: 0 | M17: =L17+'03.04'!M17 -> #REF! | N17: 768 | O17: 0 | P17: =O17+'03.04'!P17 -> #REF! | Q17: 624 | R17: 0 | S17: =R17+'03.04'!S17 -> #REF! | T17: 742 | U17: 0 | V17: =U17+'03.04'!V17 -> #REF! | W17: 54 | X17: 52 | Y17: =X17+'03.04'!Y17 -> #REF! | Z17: 66 | AA17: 0 | AB17: =AA17+'03.04'!AB17 -> #REF! | AC17: 2580 | AD17: 25 | AE17: =AD17+'03.04'!AE17 -> #REF! | AF17: =AH17+AJ17+AL17+AN17 -> 175200 | AG17: =AI17+AK17+AM17+AO17 -> #REF! | AH17: 10300 | AI17: =AH17+'03.04'!AI17 -> #REF! | AJ17: 9500 | AK17: =AJ17+'03.04'!AK17 -> #REF! | AL17: 65000 | AM17: =AL17+'03.04'!AM17 -> #REF! | AN17: 90400 | AO17: =AN17+'03.04'!AO17 -> #REF! | AP17: Наманган вилояти | AQ17: =AS17+AU17+AW17+AY17+BA17 -> 16 | AR17: =AT17+AV17+AX17+AZ17+BB17 -> #REF! | AS17: 0 | AT17: =AS17+'03.04'!AT17 -> #REF! | AU17: 2 | AV17: =AU17+'03.04'!AV17 -> #REF! | AW17: 0 | AX17: =AW17+'03.04'!AX17 -> #REF! | AY17: 0 | AZ17: =AY17+'03.04'!AZ17 -> #REF! | BA17: 14 | BB17: =BA17+'03.04'!BB17 -> #REF! | BC17: =BE17+BG17+BI17+BK17+BM17 -> 1510 | BD17: =BF17+BH17+BJ17+BL17+BN17 -> #REF! | BE17: 46 | BF17: =BE17+'03.04'!BF17 -> #REF! | BG17: 4 | BH17: =BG17+'03.04'!BH17 -> #REF! | BI17: 1300 | BJ17: =BI17+'03.04'!BJ17 -> #REF! | BK17: 160 | BL17: =BK17+'03.04'!BL17 -> #REF! | BM17: 0 | BN17: =BM17+'03.04'!BN17 -> #REF! | BO17: 8022 | BP17: 10 | BQ17: =BP17+'03.04'!BQ17 -> #REF!
A18: Самарқанд вилояти | B18: =E18+H18+K18+N18+Q18+T18+W18+Z18+AC18 -> 3791 | C18: =F18+I18+L18+O18+R18+U18+X18+AA18+AD18 -> 545 | D18: =G18+J18+M18+P18+S18+V18+Y18+AB18+AE18 -> #REF! | E18: 1063 | F18: 324 | G18: =F18+'03.04'!G18 -> #REF! | H18: 19 | I18: 0 | J18: =I18+'03.04'!J18 -> #REF! | K18: 8 | L18: 0 | M18: =L18+'03.04'!M18 -> #REF! | N18: 1331 | O18: 0 | P18: =O18+'03.04'!P18 -> #REF! | Q18: 777 | R18: 0 | S18: =R18+'03.04'!S18 -> #REF! | T18: 318 | U18: 0 | V18: =U18+'03.04'!V18 -> #REF! | W18: 60 | X18: 221 | Y18: =X18+'03.04'!Y18 -> #REF! | Z18: 72 | AA18: 0 | AB18: =AA18+'03.04'!AB18 -> #REF! | AC18: 143 | AD18: 0 | AE18: =AD18+'03.04'!AE18 -> #REF! | AF18: =AH18+AJ18+AL18+AN18 -> 334051 | AG18: =AI18+AK18+AM18+AO18 -> #REF! | AH18: 554 | AI18: =AH18+'03.04'!AI18 -> #REF! | AJ18: 4758 | AK18: =AJ18+'03.04'!AK18 -> #REF! | AL18: 5861 | AM18: =AL18+'03.04'!AM18 -> #REF! | AN18: 322878 | AO18: =AN18+'03.04'!AO18 -> #REF! | AP18: Самарқанд вилояти | AQ18: =AS18+AU18+AW18+AY18+BA18 -> 4 | AR18: =AT18+AV18+AX18+AZ18+BB18 -> #REF! | AS18: 0 | AT18: =AS18+'03.04'!AT18 -> #REF! | AU18: 0 | AV18: =AU18+'03.04'!AV18 -> #REF! | AW18: 0 | AX18: =AW18+'03.04'!AX18 -> #REF! | AY18: 0 | AZ18: =AY18+'03.04'!AZ18 -> #REF! | BA18: 4 | BB18: =BA18+'03.04'!BB18 -> #REF! | BC18: =BE18+BG18+BI18+BK18+BM18 -> 3078 | BD18: =BF18+BH18+BJ18+BL18+BN18 -> #REF! | BE18: 1 | BF18: =BE18+'03.04'!BF18 -> #REF! | BG18: 0 | BH18: =BG18+'03.04'!BH18 -> #REF! | BI18: 2918 | BJ18: =BI18+'03.04'!BJ18 -> #REF! | BK18: 159 | BL18: =BK18+'03.04'!BL18 -> #REF! | BM18: 0 | BN18: =BM18+'03.04'!BN18 -> #REF! | BO18: 442 | BP18: 0 | BQ18: =BP18+'03.04'!BQ18 -> #REF!
A19: Сирдарё вилояти | B19: =E19+H19+K19+N19+Q19+T19+W19+Z19+AC19 -> 1040 | C19: =F19+I19+L19+O19+R19+U19+X19+AA19+AD19 -> 53 | D19: =G19+J19+M19+P19+S19+V19+Y19+AB19+AE19 -> #REF! | E19: 221 | F19: 11 | G19: =F19+'03.04'!G19 -> #REF! | H19: 5 | I19: 0 | J19: =I19+'03.04'!J19 -> #REF! | K19: 4 | L19: 0 | M19: =L19+'03.04'!M19 -> #REF! | N19: 313 | O19: 0 | P19: =O19+'03.04'!P19 -> #REF! | Q19: 203 | R19: 0 | S19: =R19+'03.04'!S19 -> #REF! | T19: 241 | U19: 0 | V19: =U19+'03.04'!V19 -> #REF! | W19: 14 | X19: 23 | Y19: =X19+'03.04'!Y19 -> #REF! | Z19: 7 | AA19: 0 | AB19: =AA19+'03.04'!AB19 -> #REF! | AC19: 32 | AD19: 19 | AE19: =AD19+'03.04'!AE19 -> #REF! | AF19: =AH19+AJ19+AL19+AN19 -> 4400 | AG19: =AI19+AK19+AM19+AO19 -> #REF! | AH19: 950 | AI19: =AH19+'03.04'!AI19 -> #REF! | AJ19: 950 | AK19: =AJ19+'03.04'!AK19 -> #REF! | AL19: 1250 | AM19: =AL19+'03.04'!AM19 -> #REF! | AN19: 1250 | AO19: =AN19+'03.04'!AO19 -> #REF! | AP19: Сирдарё вилояти | AQ19: =AS19+AU19+AW19+AY19+BA19 -> 0 | AR19: =AT19+AV19+AX19+AZ19+BB19 -> #REF! | AS19: 0 | AT19: =AS19+'03.04'!AT19 -> #REF! | AU19: 0 | AV19: =AU19+'03.04'!AV19 -> #REF! | AW19: 0 | AX19: =AW19+'03.04'!AX19 -> #REF! | AY19: 0 | AZ19: =AY19+'03.04'!AZ19 -> #REF! | BA19: 0 | BB19: =BA19+'03.04'!BB19 -> #REF! | BC19: =BE19+BG19+BI19+BK19+BM19 -> 0 | BD19: =BF19+BH19+BJ19+BL19+BN19 -> #REF! | BF19: =BE19+'03.04'!BF19 -> #REF! | BG19: 0 | BH19: =BG19+'03.04'!BH19 -> #REF! | BJ19: =BI19+'03.04'!BJ19 -> #REF! | BL19: =BK19+'03.04'!BL19 -> #REF! | BM19: 0 | BN19: =BM19+'03.04'!BN19 -> #REF! | BO19: 2898 | BP19: 0 | BQ19: =BP19+'03.04'!BQ19 -> #REF!
A20: Сурхондарё вилояти | B20: =E20+H20+K20+N20+Q20+T20+W20+Z20+AC20 -> 5228 | C20: =F20+I20+L20+O20+R20+U20+X20+AA20+AD20 -> 295 | D20: =G20+J20+M20+P20+S20+V20+Y20+AB20+AE20 -> #REF! | E20: 723 | F20: 222 | G20: =F20+'03.04'!G20 -> #REF! | H20: 5 | I20: 1 | J20: =I20+'03.04'!J20 -> #REF! | K20: 3 | L20: 0 | M20: =L20+'03.04'!M20 -> #REF! | N20: 975 | O20: 32 | P20: =O20+'03.04'!P20 -> #REF! | Q20: 1862 | R20: 3 | S20: =R20+'03.04'!S20 -> #REF! | T20: 35 | U20: 1 | V20: =U20+'03.04'!V20 -> #REF! | W20: 64 | X20: 3 | Y20: =X20+'03.04'!Y20 -> #REF! | Z20: 15 | AA20: 1 | AB20: =AA20+'03.04'!AB20 -> #REF! | AC20: 1546 | AD20: 32 | AE20: =AD20+'03.04'!AE20 -> #REF! | AF20: =AH20+AJ20+AL20+AN20 -> 14140 | AG20: =AI20+AK20+AM20+AO20 -> #REF! | AH20: 5650 | AI20: =AH20+'03.04'!AI20 -> #REF! | AJ20: 7490 | AK20: =AJ20+'03.04'!AK20 -> #REF! | AL20: 650 | AM20: =AL20+'03.04'!AM20 -> #REF! | AN20: 350 | AO20: =AN20+'03.04'!AO20 -> #REF! | AP20: Сурхондарё вилояти | AQ20: =AS20+AU20+AW20+AY20+BA20 -> 215 | AR20: =AT20+AV20+AX20+AZ20+BB20 -> #REF! | AS20: 1 | AT20: =AS20+'03.04'!AT20 -> #REF! | AU20: 0 | AV20: =AU20+'03.04'!AV20 -> #REF! | AW20: 0 | AX20: =AW20+'03.04'!AX20 -> #REF! | AY20: 0 | AZ20: =AY20+'03.04'!AZ20 -> #REF! | BA20: 214 | BB20: =BA20+'03.04'!BB20 -> #REF! | BC20: =BE20+BG20+BI20+BK20+BM20 -> 2308 | BD20: =BF20+BH20+BJ20+BL20+BN20 -> #REF! | BE20: 2 | BF20: =BE20+'03.04'!BF20 -> #REF! | BG20: 0 | BH20: =BG20+'03.04'!BH20 -> #REF! | BI20: 1000 | BJ20: =BI20+'03.04'!BJ20 -> #REF! | BK20: 1306 | BL20: =BK20+'03.04'!BL20 -> #REF! | BM20: 0 | BN20: =BM20+'03.04'!BN20 -> #REF! | BO20: 5854 | BP20: 0 | BQ20: =BP20+'03.04'!BQ20 -> #REF! | BR20: 1862 та давлатники | BU20: 1302 та хусусий
A21: Фарғона | B21: =E21+H21+K21+N21+Q21+T21+W21+Z21+AC21 -> 3266 | C21: =F21+I21+L21+O21+R21+U21+X21+AA21+AD21 -> 365 | D21: =G21+J21+M21+P21+S21+V21+Y21+AB21+AE21 -> #REF! | E21: 1017 | F21: 340 | G21: =F21+'03.04'!G21 -> #REF! | H21: 8 | I21: 0 | J21: =I21+'03.04'!J21 -> #REF! | K21: 4 | L21: 0 | M21: =L21+'03.04'!M21 -> #REF! | N21: 963 | O21: 0 | P21: =O21+'03.04'!P21 -> #REF! | Q21: 912 | R21: 0 | S21: =R21+'03.04'!S21 -> #REF! | T21: 199 | U21: 5 | V21: =U21+'03.04'!V21 -> #REF! | W21: 101 | X21: 10 | Y21: =X21+'03.04'!Y21 -> #REF! | Z21: 42 | AA21: 0 | AB21: =AA21+'03.04'!AB21 -> #REF! | AC21: 20 | AD21: 10 | AE21: =AD21+'03.04'!AE21 -> #REF! | AF21: =AH21+AJ21+AL21+AN21 -> 361000 | AG21: =AI21+AK21+AM21+AO21 -> #REF! | AH21: 1000 | AI21: =AH21+'03.04'!AI21 -> #REF! | AJ21: 110000 | AK21: =AJ21+'03.04'!AK21 -> #REF! | AL21: 15000 | AM21: =AL21+'03.04'!AM21 -> #REF! | AN21: 235000 | AO21: =AN21+'03.04'!AO21 -> #REF! | AP21: Фарғона | AQ21: =AS21+AU21+AW21+AY21+BA21 -> 9 | AR21: =AT21+AV21+AX21+AZ21+BB21 -> #REF! | AS21: 1 | AT21: =AS21+'03.04'!AT21 -> #REF! | AU21: 4 | AV21: =AU21+'03.04'!AV21 -> #REF! | AW21: 0 | AX21: =AW21+'03.04'!AX21 -> #REF! | AY21: 0 | AZ21: =AY21+'03.04'!AZ21 -> #REF! | BA21: 4 | BB21: =BA21+'03.04'!BB21 -> #REF! | BC21: =BE21+BG21+BI21+BK21+BM21 -> 4000 | BD21: =BF21+BH21+BJ21+BL21+BN21 -> #REF! | BE21: 0 | BF21: =BE21+'03.04'!BF21 -> #REF! | BG21: 0 | BH21: =BG21+'03.04'!BH21 -> #REF! | BI21: 4000 | BJ21: =BI21+'03.04'!BJ21 -> #REF! | BK21: 0 | BL21: =BK21+'03.04'!BL21 -> #REF! | BM21: 0 | BN21: =BM21+'03.04'!BN21 -> #REF! | BO21: 68 | BP21: 2 | BQ21: =BP21+'03.04'!BQ21 -> #REF!
A22: Хоразм | B22: =E22+H22+K22+N22+Q22+T22+W22+Z22+AC22 -> 1787 | C22: =F22+I22+L22+O22+R22+U22+X22+AA22+AD22 -> 1184 | D22: =G22+J22+M22+P22+S22+V22+Y22+AB22+AE22 -> #REF! | E22: 509 | F22: 241 | G22: =F22+'03.04'!G22 -> #REF! | H22: 8 | I22: 1 | J22: =I22+'03.04'!J22 -> #REF! | K22: 21 | L22: 5 | M22: =L22+'03.04'!M22 -> #REF! | N22: 560 | O22: 20 | P22: =O22+'03.04'!P22 -> #REF! | Q22: 375 | R22: 25 | S22: =R22+'03.04'!S22 -> #REF! | T22: 165 | U22: 18 | V22: =U22+'03.04'!V22 -> #REF! | W22: 28 | X22: 105 | Y22: =X22+'03.04'!Y22 -> #REF! | Z22: 9 | AB22: =AA22+'03.04'!AB22 -> #REF! | AC22: 112 | AD22: 769 | AE22: =AD22+'03.04'!AE22 -> #REF! | AF22: =AH22+AJ22+AL22+AN22 -> 653662 | AG22: =AI22+AK22+AM22+AO22 -> #REF! | AH22: 451 | AI22: =AH22+'03.04'!AI22 -> #REF! | AJ22: 8000 | AK22: =AJ22+'03.04'!AK22 -> #REF! | AL22: 211 | AM22: =AL22+'03.04'!AM22 -> #REF! | AN22: 645000 | AO22: =AN22+'03.04'!AO22 -> #REF! | AP22: Хоразм | AQ22: =AS22+AU22+AW22+AY22+BA22 -> 1542 | AR22: =AT22+AV22+AX22+AZ22+BB22 -> #REF! | AS22: 0 | AT22: =AS22+'03.04'!AT22 -> #REF! | AU22: 0 | AV22: =AU22+'03.04'!AV22 -> #REF! | AW22: 0 | AX22: =AW22+'03.04'!AX22 -> #REF! | AY22: 0 | AZ22: =AY22+'03.04'!AZ22 -> #REF! | BA22: 1542 | BB22: =BA22+'03.04'!BB22 -> #REF! | BC22: =BE22+BG22+BI22+BK22+BM22 -> 6642 | BD22: =BF22+BH22+BJ22+BL22+BN22 -> #REF! | BE22: 28 | BF22: =BE22+'03.04'!BF22 -> #REF! | BG22: 8 | BH22: =BG22+'03.04'!BH22 -> #REF! | BI22: 6584 | BJ22: =BI22+'03.04'!BJ22 -> #REF! | BK22: 22 | BL22: =BK22+'03.04'!BL22 -> #REF! | BM22: 0 | BN22: =BM22+'03.04'!BN22 -> #REF! | BO22: 26 | BP22: 15 | BQ22: =BP22+'03.04'!BQ22 -> #REF!
A23: ЖАМИ | B23: =E23+H23+K23+N23+Q23+T23+W23+Z23+AC23 -> 94991 | C23: =F23+I23+L23+O23+R23+U23+X23+AA23+AD23 -> 4201 | D23: =G23+J23+M23+P23+S23+V23+Y23+AB23+AE23 -> #REF! | E23: =+E18+E19+E22+E17+E16+E15+E14+E13+E12+E11+E10+E9+E8 -> 7282 | F23: =SUM(F8:F22) -> 1809 | G23: =SUM(G8:G22) -> #REF! | H23: =+H18+H19+H22+H17+H16+H15+H14+H13+H12+H11+H10+H9+H8 -> 271 | I23: =SUM(I8:I22) -> 8 | J23: =SUM(J8:J22) -> #REF! | K23: =+K18+K19+K22+K17+K16+K15+K14+K13+K12+K11+K10+K9+K8 -> 163 | L23: =SUM(L8:L22) -> 6 | M23: =SUM(M8:M22) -> #REF! | N23: =+N18+N19+N22+N17+N16+N15+N14+N13+N12+N11+N10+N9+N8 -> 8607 | O23: =SUM(O8:O22) -> 79 | P23: =SUM(P8:P22) -> #REF! | Q23: =+Q18+Q19+Q22+Q17+Q16+Q15+Q14+Q13+Q12+Q11+Q10+Q9+Q8 -> 7474 | R23: =SUM(R8:R22) -> 29 | S23: =SUM(S8:S22) -> #REF! | T23: =+T18+T19+T22+T17+T16+T15+T14+T13+T12+T11+T10+T9+T8 -> 4115 | U23: =SUM(U8:U22) -> 28 | V23: =SUM(V8:V22) -> #REF! | W23: =+W18+W19+W22+W17+W16+W15+W14+W13+W12+W11+W10+W9+W8 -> 604 | X23: =SUM(X8:X22) -> 698 | Y23: =SUM(Y8:Y22) -> #REF! | Z23: =+Z18+Z19+Z22+Z17+Z16+Z15+Z14+Z13+Z12+Z11+Z10+Z9+Z8 -> 1629 | AA23: =SUM(AA8:AA22) -> 2 | AB23: =SUM(AB8:AB22) -> #REF! | AC23: =+AC18+AC19+AC22+AC17+AC16+AC15+AC14+AC13+AC12+AC11+AC10+AC9+AC8 -> 64846 | AD23: =SUM(AD8:AD22) -> 1542 | AE23: =SUM(AE8:AE22) -> #REF! | AF23: =SUM(AF8:AF22) -> 3685733 | AG23: =SUM(AG8:AG22) -> #REF! | AH23: =SUM(AH8:AH22) -> 37963 | AI23: =SUM(AI8:AI22) -> #REF! | AJ23: =SUM(AJ8:AJ22) -> 185954 | AK23: =SUM(AK8:AK22) -> #REF! | ... AO23: =SUM(AO8:AO22) -> #REF! | AP23: ЖАМИ | AQ23: =SUM(AQ8:AQ22) -> 2062 | AR23: =SUM(AR8:AR22) -> #REF! | AS23: =SUM(AS8:AS22) -> 5 | AT23: =SUM(AT8:AT22) -> #REF! | AU23: =SUM(AU8:AU22) -> 8 | AV23: =SUM(AV8:AV22) -> #REF! | AW23: =SUM(AW8:AW22) -> 2 | AX23: =SUM(AX8:AX22) -> #REF! | ... BQ23: =SUM(BQ8:BQ22) -> #REF!
H28: 5858
H29: 1485

Sheet 05.04
A1: Худудий бўлинмалар ходимлари томонидан ахборот технологиялари соҳасидаги жиноятларни олдини олиш бўйича амалга оширилган ишлар | AP1: Худудий бўлинмалар ходимлари томонидан ахборот технологиялари соҳасидаги жиноятларни олдини олиш бўйича амалга оширилган ишлар
A2: Ҳ И С О Б О Т Ж А Д В А Л И | AP2: ҲИСОБОТ ЖАДВАЛИ
A3: 1-жадвал 01.03.2026 йил | AP3: 2-жадвал 01.03.2026 йил
A4: Худудлар | B4: Ўтказилган учрашувлар сони март ойи учун | AF4: Учрашувда иштирок этган фуқаролар сони | AP4: Худудлар | AQ4: Оммавий ахборот воситаларида чиқишлар сони | BC4: Тарқатилган материаллар | BO4: Суҳбатлар
B5: ЖАМИ | E5: маҳаллалар ва хонадон | H5: олий таълим муассасалари | K5: академик лицейлар | N5: ўрта таълим муассасалари | Q5: мактабгача таълим муассасалари | T5: касалхона ва поликлиника | W5: бозорлар ва савдо | Z5: ҲМҚОрганлари | AC5: бошқа идора ва ташкилотлар | AF5: ЖАМИ | AH5: учрашувлар давомида | AL5: Онлайн тарғибот давомида
AH6: 18 ёшгача | AJ6: 18 ёшдан катта | AL6: 18 ёшгача | AN6: 18 ёшдан катта | AQ6: Жами | AS6: телевидения | AU6: радио | AW6: газета | AY6: журнал | BA6: интернет (ижтимоий тармоқлар) | BC6: Жами | BE6: Видео ва конт | BG6: Баннер | BI6: Флаер | BK6: Буклет | BM6: Бошқа | BO6: Пробация рўйғатида турувчи шахслар билан ўтказилган суҳбат
B7: сони | C7: бир кунда | D7: ой бошидан | E7: сони | F7: бир кунда | G7: ой бошидан | H7: сони | I7: бир кунда | J7: ой бошидан | K7: сони | L7: бир кунда | M7: ой бошидан | N7: сони | O7: бир кунда | P7: ой бошидан | Q7: сони | R7: бир кунда | S7: ой бошидан | T7: сони | U7: бир кунда | V7: ой бошидан | W7: сони | X7: бир кунда | Y7: ой бошидан | Z7: сони | AA7: бир кунда | AB7: ой бошидан | AC7: сони | AD7: бир кунда | AE7: ой бошидан | AF7: бир кунда | AG7: ой бошидан | AH7: бир кунда | AI7: ой бошидан | AJ7: бир кунда | AK7: ой бошидан | AL7: бир кунда | AM7: ой бошидан | AN7: бир кунда | AO7: ой бошидан | AQ7: бир кунда | AR7: ой бошидан | AS7: бир кунда | AT7: ой бошидан | AU7: бир кунда | AV7: ой бошидан | AW7: бир кунда | AX7: ой бошидан | AY7: бир кунда | AZ7: ой бошидан | BA7: бир кунда | BB7: ой бошидан | BC7: бир кунда | BD7: ой бошидан | BE7: бир кунда | BF7: ой бошидан | BG7: бир кунда | BH7: ой бошидан | BI7: бир кунда | BJ7: ой бошидан | BK7: бир кунда | BL7: ой бошидан | BM7: бир кунда | BN7: ой бошидан | BO7: Сони | BP7: бир кунда | BQ7: ой бошидан
A8: ИИВ | B8: =E8+H8+K8+N8+Q8+T8+W8+Z8+AC8 -> 0 | C8: =F8+I8+L8+O8+R8+U8+X8+AA8+AD8 -> 0 | D8: =G8+J8+M8+P8+S8+V8+Y8+AB8+AE8 -> 0 | G8: =F8 -> 0 | J8: =I8 -> 0 | M8: =L8 -> 0 | P8: =O8 -> 0 | S8: =R8 -> 0 | V8: =U8 -> 0 | Y8: =X8 -> 0 | AB8: =AA8 -> 0 | AE8: =AD8 -> 0 | AF8: =AH8+AJ8+AL8+AN8 -> 0 | AG8: =AI8+AK8+AM8+AO8 -> 0 | AI8: =AH8 -> 0 | AK8: =AJ8 -> 0 | AM8: =AL8 -> 0 | AO8: =AN8 -> 0 | AP8: ИИВ | AQ8: =AS8+AU8+AW8+AY8+BA8 -> 0 | AR8: =AT8+AV8+AX8+AZ8+BB8 -> 0 | AT8: =AS8 -> 0 | AV8: =AU8 -> 0 | AX8: =AW8 -> 0 | AZ8: =AY8 -> 0 | BB8: =BA8 -> 0 | BC8: =BE8+BG8+BI8+BK8+BM8 -> 0 | BD8: =BF8+BH8+BJ8+BL8+BN8 -> 0 | BF8: =BE8 -> 0 | BH8: =BG8 -> 0 | BJ8: =BI8 -> 0 | BL8: =BK8 -> 0 | BQ8: =BP8 -> 0
A9: ҚКР | B9: =E9+H9+K9+N9+Q9+T9+W9+Z9+AC9 -> 3841 | C9: =F9+I9+L9+O9+R9+U9+X9+AA9+AD9 -> 2 | D9: =G9+J9+M9+P9+S9+V9+Y9+AB9+AE9 -> #REF! | E9: 452 | F9: 1 | G9: =F9+'04.04'!G9 -> #REF! | H9: 12 | I9: 0 | J9: =I9+'04.04'!J9 -> #REF! | K9: 2 | L9: 0 | M9: =L9+'04.04'!M9 -> #REF! | N9: 735 | O9: 0 | P9: =O9+'04.04'!P9 -> #REF! | Q9: 502 | R9: 0 | S9: =R9+'04.04'!S9 -> #REF! | T9: 197 | U9: 0 | V9: =U9+'04.04'!V9 -> #REF! | W9: 47 | X9: 1 | Y9: =X9+'04.04'!Y9 -> #REF! | Z9: 34 | AA9: 0 | AB9: =AA9+'04.04'!AB9 -> #REF! | AC9: 1860 | AD9: 0 | AE9: =AD9+'04.04'!AE9 -> #REF! | AF9: =AH9+AJ9+AL9+AN9 -> 7550 | AG9: =AI9+AK9+AM9+AO9 -> #REF! | AH9: 100 | AI9: =AH9+'04.04'!AI9 -> #REF! | AJ9: 250 | AK9: =AJ9+'04.04'!AK9 -> #REF! | AL9: 3200 | AM9: =AL9+'04.04'!AM9 -> #REF! | AN9: 4000 | AO9: =AN9+'04.04'!AO9 -> #REF! | AP9: ҚКР | AQ9: =AS9+AU9+AW9+AY9+BA9 -> 72 | AR9: =AT9+AV9+AX9+AZ9+BB9 -> #REF! | AS9: 1 | AT9: =AS9+'04.04'!AT9 -> #REF! | AU9: 0 | AV9: =AU9+'04.04'!AV9 -> #REF! | AW9: 0 | AX9: =AW9+'04.04'!AX9 -> #REF! | AY9: 0 | AZ9: =AY9+'04.04'!AZ9 -> #REF! | BA9: 71 | BB9: =BA9+'04.04'!BB9 -> #REF! | BC9: =BE9+BG9+BI9+BK9+BM9 -> 481 | BD9: =BF9+BH9+BJ9+BL9+BN9 -> #REF! | BE9: 1 | BF9: =BE9+'04.04'!BF9 -> #REF! | BG9: 0 | BH9: =BG9+'04.04'!BH9 -> #REF! | BI9: 480 | BJ9: =BI9+'04.04'!BJ9 -> #REF! | BK9: 0 | BL9: =BK9+'04.04'!BL9 -> #REF! | BM9: 0 | BN9: =BM9+'04.04'!BN9 -> #REF! | BO9: 14 | BP9: 0 | BQ9: =BP9+'04.04'!BQ9 -> #REF!
A10: Тошкент шаҳри | B10: =E10+H10+K10+N10+Q10+T10+W10+Z10+AC10 -> 3627 | C10: =F10+I10+L10+O10+R10+U10+X10+AA10+AD10 -> 72 | D10: =G10+J10+M10+P10+S10+V10+Y10+AB10+AE10 -> #REF! | E10: 585 | F10: 1 | G10: =F10+'04.04'!G10 -> #REF! | H10: 93 | I10: 0 | J10: =I10+'04.04'!J10 -> #REF! | K10: 34 | L10: 0 | M10: =L10+'04.04'!M10 -> #REF! | N10: 352 | O10: 0 | P10: =O10+'04.04'!P10 -> #REF! | Q10: 549 | R10: 0 | S10: =R10+'04.04'!S10 -> #REF! | T10: 198 | U10: 0 | V10: =U10+'04.04'!V10 -> #REF! | W10: 55 | X10: 14 | Y10: =X10+'04.04'!Y10 -> #REF! | Z10: 71 | AA10: 1 | AB10: =AA10+'04.04'!AB10 -> #REF! | AC10: 1690 | AD10: 56 | AE10: =AD10+'04.04'!AE10 -> #REF! | AF10: =AH10+AJ10+AL10+AN10 -> 113371 | AG10: =AI10+AK10+AM10+AO10 -> #REF! | AH10: 533 | AI10: =AH10+'04.04'!AI10 -> #REF! | AJ10: 4402 | AK10: =AJ10+'04.04'!AK10 -> #REF! | AL10: 10934 | AM10: =AL10+'04.04'!AM10 -> #REF! | AN10: 97502 | AO10: =AN10+'04.04'!AO10 -> #REF! | AP10: Тошкент шаҳри | AQ10: =AS10+AU10+AW10+AY10+BA10 -> 1 | AR10: =AT10+AV10+AX10+AZ10+BB10 -> #REF! | AS10: 0 | AT10: =AS10+'04.04'!AT10 -> #REF! | AU10: 0 | AV10: =AU10+'04.04'!AV10 -> #REF! | AW10: 0 | AX10: =AW10+'04.04'!AX10 -> #REF! | AY10: 0 | AZ10: =AY10+'04.04'!AZ10 -> #REF! | BA10: 1 | BB10: =BA10+'04.04'!BB10 -> #REF! | BC10: =BE10+BG10+BI10+BK10+BM10 -> 3362 | BD10: =BF10+BH10+BJ10+BL10+BN10 -> #REF! | BE10: 507 | BF10: =BE10+'04.04'!BF10 -> #REF! | BG10: 1 | BH10: =BG10+'04.04'!BH10 -> #REF! | BI10: 1806 | BJ10: =BI10+'04.04'!BJ10 -> #REF! | BK10: 1048 | BL10: =BK10+'04.04'!BL10 -> #REF! | BM10: 0 | BN10: =BM10+'04.04'!BN10 -> #REF! | BO10: 32 | BP10: 0 | BQ10: =BP10+'04.04'!BQ10 -> #REF!
A11: Тошкент вилояти | B11: =E11+H11+K11+N11+Q11+T11+W11+Z11+AC11 -> 15381 | C11: =F11+I11+L11+O11+R11+U11+X11+AA11+AD11 -> 132 | D11: =G11+J11+M11+P11+S11+V11+Y11+AB11+AE11 -> #REF! | E11: 883 | F11: 62 | G11: =F11+'04.04'!G11 -> #REF! | H11: 16 | I11: 0 | J11: =I11+'04.04'!J11 -> #REF! | K11: 3 | L11: 0 | M11: =L11+'04.04'!M11 -> #REF! | N11: 875 | O11: 0 | P11: =O11+'04.04'!P11 -> #REF! | Q11: 2424 | R11: 0 | S11: =R11+'04.04'!S11 -> #REF! | T11: 69 | U11: 0 | V11: =U11+'04.04'!V11 -> #REF! | W11: 133 | X11: 62 | Y11: =X11+'04.04'!Y11 -> #REF! | Z11: 1116 | AA11: 0 | AB11: =AA11+'04.04'!AB11 -> #REF! | AC11: 9862 | AD11: 8 | AE11: =AD11+'04.04'!AE11 -> #REF! | AF11: =AH11+AJ11+AL11+AN11 -> 179100 | AG11: =AI11+AK11+AM11+AO11 -> #REF! | AH11: 7800 | AI11: =AH11+'04.04'!AI11 -> #REF! | AJ11: 9300 | AK11: =AJ11+'04.04'!AK11 -> #REF! | AL11: 58000 | AM11: =AL11+'04.04'!AM11 -> #REF! | AN11: 104000 | AO11: =AN11+'04.04'!AO11 -> #REF! | AP11: Тошкент вилояти | AQ11: =AS11+AU11+AW11+AY11+BA11 -> 11 | AR11: =AT11+AV11+AX11+AZ11+BB11 -> #REF! | AS11: 0 | AT11: =AS11+'04.04'!AT11 -> #REF! | AU11: 0 | AV11: =AU11+'04.04'!AV11 -> #REF! | AW11: 0 | AX11: =AW11+'04.04'!AX11 -> #REF! | AY11: 0 | AZ11: =AY11+'04.04'!AZ11 -> #REF! | BA11: 11 | BB11: =BA11+'04.04'!BB11 -> #REF! | BC11: =BE11+BG11+BI11+BK11+BM11 -> 5746 | BD11: =BF11+BH11+BJ11+BL11+BN11 -> #REF! | BE11: 12 | BF11: =BE11+'04.04'!BF11 -> #REF! | BG11: 6 | BH11: =BG11+'04.04'!BH11 -> #REF! | BI11: 5600 | BJ11: =BI11+'04.04'!BJ11 -> #REF! | BK11: 128 | BL11: =BK11+'04.04'!BL11 -> #REF! | BM11: 0 | BN11: =BM11+'04.04'!BN11 -> #REF! | BO11: 11506 | BP11: 8 | BQ11: =BP11+'04.04'!BQ11 -> #REF!
A12: Андижон вилояти | B12: =E12+H12+K12+N12+Q12+T12+W12+Z12+AC12 -> 30164 | C12: =F12+I12+L12+O12+R12+U12+X12+AA12+AD12 -> 252 | D12: =G12+J12+M12+P12+S12+V12+Y12+AB12+AE12 -> #REF! | E12: 909 | F12: 43 | G12: =F12+'04.04'!G12 -> #REF! | H12: 80 | I12: 5 | J12: =I12+'04.04'!J12 -> #REF! | K12: 5 | L12: 0 | M12: =L12+'04.04'!M12 -> #REF! | N12: 820 | O12: 22 | P12: =O12+'04.04'!P12 -> #REF! | Q12: 549 | R12: 0 | S12: =R12+'04.04'!S12 -> #REF! | T12: 992 | U12: 0 | V12: =U12+'04.04'!V12 -> #REF! | W12: 38 | X12: 151 | Y12: =X12+'04.04'!Y12 -> #REF! | Z12: 68 | AA12: 0 | AB12: =AA12+'04.04'!AB12 -> #REF! | AC12: 26703 | AD12: 31 | AE12: =AD12+'04.04'!AE12 -> #REF! | AF12: =AH12+AJ12+AL12+AN12 -> 18000 | AG12: =AI12+AK12+AM12+AO12 -> #REF! | AH12: 6000 | AI12: =AH12+'04.04'!AI12 -> #REF! | AJ12: 10500 | AK12: =AJ12+'04.04'!AK12 -> #REF! | AL12: 300 | AM12: =AL12+'04.04'!AM12 -> #REF! | AN12: 1200 | AO12: =AN12+'04.04'!AO12 -> #REF! | AP12: Андижон вилояти | AQ12: =AS12+AU12+AW12+AY12+BA12 -> 97 | AR12: =AT12+AV12+AX12+AZ12+BB12 -> #REF! | AS12: 0 | AT12: =AS12+'04.04'!AT12 -> #REF! | AU12: 0 | AV12: =AU12+'04.04'!AV12 -> #REF! | AW12: 0 | AX12: =AW12+'04.04'!AX12 -> #REF! | AY12: 0 | AZ12: =AY12+'04.04'!AZ12 -> #REF! | BA12: 97 | BB12: =BA12+'04.04'!BB12 -> #REF! | BC12: =BE12+BG12+BI12+BK12+BM12 -> 2749 | BD12: =BF12+BH12+BJ12+BL12+BN12 -> #REF! | BE12: 134 | BF12: =BE12+'04.04'!BF12 -> #REF! | BG12: 15 | BH12: =BG12+'04.04'!BH12 -> #REF! | BI12: 2300 | BJ12: =BI12+'04.04'!BJ12 -> #REF! | BK12: 300 | BL12: =BK12+'04.04'!BL12 -> #REF! | BM12: 0 | BN12: =BM12+'04.04'!BN12 -> #REF! | BP12: 2 | BQ12: =BP12+'04.04'!BQ12 -> #REF!
A13: Бухоро вилояти | B13: =E13+H13+K13+N13+Q13+T13+W13+Z13+AC13 -> 2044 | C13: =F13+I13+L13+O13+R13+U13+X13+AA13+AD13 -> 2 | D13: =G13+J13+M13+P13+S13+V13+Y13+AB13+AE13 -> #REF! | E13: 516 | F13: 0 | G13: =F13+'04.04'!G13 -> #REF! | H13: 10 | I13: 0 | J13: =I13+'04.04'!J13 -> #REF! | K13: 38 | L13: 0 | M13: =L13+'04.04'!M13 -> #REF! | N13: 581 | O13: 0 | P13: =O13+'04.04'!P13 -> #REF! | Q13: 525 | R13: 0 | S13: =R13+'04.04'!S13 -> #REF! | T13: 263 | U13: 0 | V13: =U13+'04.04'!V13 -> #REF! | W13: 43 | X13: 1 | Y13: =X13+'04.04'!Y13 -> #REF! | Z13: 17 | AA13: 0 | AB13: =AA13+'04.04'!AB13 -> #REF! | AC13: 51 | AD13: 1 | AE13: =AD13+'04.04'!AE13 -> #REF! | AF13: =AH13+AJ13+AL13+AN13 -> 65000 | AG13: =AI13+AK13+AM13+AO13 -> #REF! | AH13: 1000 | AI13: =AH13+'04.04'!AI13 -> #REF! | AJ13: 9000 | AK13: =AJ13+'04.04'!AK13 -> #REF! | AL13: 30000 | AM13: =AL13+'04.04'!AM13 -> #REF! | AN13: 25000 | AO13: =AN13+'04.04'!AO13 -> #REF! | AP13: Бухоро вилояти | AQ13: =AS13+AU13+AW13+AY13+BA13 -> 10 | AR13: =AT13+AV13+AX13+AZ13+BB13 -> #REF! | AS13: 0 | AT13: =AS13+'04.04'!AT13 -> #REF! | AU13: 0 | AV13: =AU13+'04.04'!AV13 -> #REF! | AW13: 0 | AX13: =AW13+'04.04'!AX13 -> #REF! | AY13: 0 | AZ13: =AY13+'04.04'!AZ13 -> #REF! | BA13: 10 | BB13: =BA13+'04.04'!BB13 -> #REF! | BC13: =BE13+BG13+BI13+BK13+BM13 -> 4040 | BD13: =BF13+BH13+BJ13+BL13+BN13 -> #REF! | BE13: 516 | BF13: =BE13+'04.04'!BF13 -> #REF! | BG13: 10 | BH13: =BG13+'04.04'!BH13 -> #REF! | BI13: 3500 | BJ13: =BI13+'04.04'!BJ13 -> #REF! | BK13: 14 | BL13: =BK13+'04.04'!BL13 -> #REF! | BM13: 0 | BN13: =BM13+'04.04'!BN13 -> #REF! | BP13: 0 | BQ13: =BP13+'04.04'!BQ13 -> #REF!
A14: Жиззах вилояти | B14: =E14+H14+K14+N14+Q14+T14+W14+Z14+AC14 -> 3916 | C14: =F14+I14+L14+O14+R14+U14+X14+AA14+AD14 -> 108 | D14: =G14+J14+M14+P14+S14+V14+Y14+AB14+AE14 -> #REF! | E14: 304 | F14: 85 | G14: =F14+'04.04'!G14 -> #REF! | H14: 5 | I14: 0 | J14: =I14+'04.04'!J14 -> #REF! | K14: 34 | L14: 0 | M14: =L14+'04.04'!M14 -> #REF! | N14: 583 | O14: 0 | P14: =O14+'04.04'!P14 -> #REF! | Q14: 254 | R14: 0 | S14: =R14+'04.04'!S14 -> #REF! | T14: 196 | U14: 0 | V14: =U14+'04.04'!V14 -> #REF! | W14: 30 | X14: 20 | Y14: =X14+'04.04'!Y14 -> #REF! | Z14: 10 | AA14: 0 | AB14: =AA14+'04.04'!AB14 -> #REF! | AC14: 2500 | AD14: 3 | AE14: =AD14+'04.04'!AE14 -> #REF! | AF14: =AH14+AJ14+AL14+AN14 -> 155750 | AG14: =AI14+AK14+AM14+AO14 -> #REF! | AH14: 3250 | AI14: =AH14+'04.04'!AI14 -> #REF! | AJ14: 7000 | AK14: =AJ14+'04.04'!AK14 -> #REF! | AL14: 18500 | AM14: =AL14+'04.04'!AM14 -> #REF! | AN14: 127000 | AO14: =AN14+'04.04'!AO14 -> #REF! | AP14: Жиззах вилояти | AQ14: =AS14+AU14+AW14+AY14+BA14 -> 6 | AR14: =AT14+AV14+AX14+AZ14+BB14 -> #REF! | AS14: 0 | AT14: =AS14+'04.04'!AT14 -> #REF! | AU14: 0 | AV14: =AU14+'04.04'!AV14 -> #REF! | AW14: 0 | AX14: =AW14+'04.04'!AX14 -> #REF! | AY14: 0 | AZ14: =AY14+'04.04'!AZ14 -> #REF! | BA14: 6 | BB14: =BA14+'04.04'!BB14 -> #REF! | BC14: =BE14+BG14+BI14+BK14+BM14 -> 6067 | BD14: =BF14+BH14+BJ14+BL14+BN14 -> #REF! | BE14: 12 | BF14: =BE14+'04.04'!BF14 -> #REF! | BG14: 5 | BH14: =BG14+'04.04'!BH14 -> #REF! | BI14: 6000 | BJ14: =BI14+'04.04'!BJ14 -> #REF! | BK14: 50 | BL14: =BK14+'04.04'!BL14 -> #REF! | BM14: 0 | BN14: =BM14+'04.04'!BN14 -> #REF! | BO14: 2 | BP14: 0 | BQ14: =BP14+'04.04'!BQ14 -> #REF!
A15: Қашқадарё вилояти | B15: =E15+H15+K15+N15+Q15+T15+W15+Z15+AC15 -> 3897 | C15: =F15+I15+L15+O15+R15+U15+X15+AA15+AD15 -> 510 | D15: =G15+J15+M15+P15+S15+V15+Y15+AB15+AE15 -> #REF! | E15: 776 | F15: 350 | G15: =F15+'04.04'!G15 -> #REF! | H15: 9 | I15: 0 | J15: =I15+'04.04'!J15 -> #REF! | K15: 6 | L15: 0 | M15: =L15+'04.04'!M15 -> #REF! | N15: 1305 | O15: 0 | P15: =O15+'04.04'!P15 -> #REF! | Q15: 447 | R15: 0 | S15: =R15+'04.04'!S15 -> #REF! | T15: 337 | U15: 0 | V15: =U15+'04.04'!V15 -> #REF! | W15: 78 | X15: 0 | Y15: =X15+'04.04'!Y15 -> #REF! | Z15: 141 | AA15: 0 | AB15: =AA15+'04.04'!AB15 -> #REF! | AC15: 798 | AD15: 160 | AE15: =AD15+'04.04'!AE15 -> #REF! | AF15: =AH15+AJ15+AL15+AN15 -> 1270520 | AG15: =AI15+AK15+AM15+AO15 -> #REF! | AH15: 1070 | AI15: =AH15+'04.04'!AI15 -> #REF! | AJ15: 3600 | AK15: =AJ15+'04.04'!AK15 -> #REF! | AL15: 632925 | AM15: =AL15+'04.04'!AM15 -> #REF! | AN15: 632925 | AO15: =AN15+'04.04'!AO15 -> #REF! | AP15: Қашқадарё вилояти | AQ15: =AS15+AU15+AW15+AY15+BA15 -> 1952 | AR15: =AT15+AV15+AX15+AZ15+BB15 -> #REF! | AS15: 65 | AT15: =AS15+'04.04'!AT15 -> #REF! | AU15: 3 | AV15: =AU15+'04.04'!AV15 -> #REF! | AW15: 940 | AX15: =AW15+'04.04'!AX15 -> #REF! | AY15: 940 | AZ15: =AY15+'04.04'!AZ15 -> #REF! | BA15: 4 | BB15: =BA15+'04.04'!BB15 -> #REF! | BC15: =BE15+BG15+BI15+BK15+BM15 -> 1948 | BD15: =BF15+BH15+BJ15+BL15+BN15 -> #REF! | BE15: 65 | BF15: =BE15+'04.04'!BF15 -> #REF! | BG15: 3 | BH15: =BG15+'04.04'!BH15 -> #REF! | BI15: 940 | BJ15: =BI15+'04.04'!BJ15 -> #REF! | BK15: 940 | BL15: =BK15+'04.04'!BL15 -> #REF! | BM15: 0 | BN15: =BM15+'04.04'!BN15 -> #REF! | BO15: 6274 | BP15: 2 | BQ15: =BP15+'04.04'!BQ15 -> #REF! | BR15: умумий утирганлар билан
A16: Навоий вилояти | B16: =E16+H16+K16+N16+Q16+T16+W16+Z16+AC16 -> 19901 | C16: =F16+I16+L16+O16+R16+U16+X16+AA16+AD16 -> 119 | D16: =G16+J16+M16+P16+S16+V16+Y16+AB16+AE16 -> #REF! | E16: 310 | F16: 38 | G16: =F16+'04.04'!G16 -> #REF! | H16: 5 | I16: 0 | J16: =I16+'04.04'!J16 -> #REF! | K16: 3 | L16: 0 | M16: =L16+'04.04'!M16 -> #REF! | N16: 384 | O16: 0 | P16: =O16+'04.04'!P16 -> #REF! | Q16: 245 | R16: 0 | S16: =R16+'04.04'!S16 -> #REF! | T16: 397 | U16: 0 | V16: =U16+'04.04'!V16 -> #REF! | W16: 24 | X16: 36 | Y16: =X16+'04.04'!Y16 -> #REF! | Z16: 18 | AA16: 0 | AB16: =AA16+'04.04'!AB16 -> #REF! | AC16: 18515 | AD16: 45 | AE16: =AD16+'04.04'!AE16 -> #REF! | AF16: =AH16+AJ16+AL16+AN16 -> 53082 | AG16: =AI16+AK16+AM16+AO16 -> #REF! | AH16: 310 | AI16: =AH16+'04.04'!AI16 -> #REF! | AJ16: 1432 | AK16: =AJ16+'04.04'!AK16 -> #REF! | AL16: 3215 | AM16: =AL16+'04.04'!AM16 -> #REF! | AN16: 48125 | AO16: =AN16+'04.04'!AO16 -> #REF! | AP16: Навоий вилояти | AQ16: =AS16+AU16+AW16+AY16+BA16 -> 56 | AR16: =AT16+AV16+AX16+AZ16+BB16 -> #REF! | AS16: 0 | AT16: =AS16+'04.04'!AT16 -> #REF! | AU16: 2 | AV16: =AU16+'04.04'!AV16 -> #REF! | AW16: 0 | AX16: =AW16+'04.04'!AX16 -> #REF! | AY16: 0 | AZ16: =AY16+'04.04'!AZ16 -> #REF! | BA16: 54 | BB16: =BA16+'04.04'!BB16 -> #REF! | BC16: =BE16+BG16+BI16+BK16+BM16 -> 712 | BD16: =BF16+BH16+BJ16+BL16+BN16 -> #REF! | BE16: 62 | BF16: =BE16+'04.04'!BF16 -> #REF! | BG16: 0 | BH16: =BG16+'04.04'!BH16 -> #REF! | BI16: 450 | BJ16: =BI16+'04.04'!BJ16 -> #REF! | BK16: 200 | BL16: =BK16+'04.04'!BL16 -> #REF! | BM16: 0 | BN16: =BM16+'04.04'!BN16 -> #REF! | BO16: 2546 | BP16: 0 | BQ16: =BP16+'04.04'!BQ16 -> #REF!
A17: Наманган вилояти | B17: =E17+H17+K17+N17+Q17+T17+W17+Z17+AC17 -> 5602 | C17: =F17+I17+L17+O17+R17+U17+X17+AA17+AD17 -> 166 | D17: =G17+J17+M17+P17+S17+V17+Y17+AB17+AE17 -> #REF! | E17: 754 | F17: 90 | G17: =F17+'04.04'!G17 -> #REF! | H17: 9 | I17: 0 | J17: =I17+'04.04'!J17 -> #REF! | K17: 5 | L17: 0 | M17: =L17+'04.04'!M17 -> #REF! | N17: 768 | O17: 0 | P17: =O17+'04.04'!P17 -> #REF! | Q17: 624 | R17: 0 | S17: =R17+'04.04'!S17 -> #REF! | T17: 742 | U17: 0 | V17: =U17+'04.04'!V17 -> #REF! | W17: 54 | X17: 50 | Y17: =X17+'04.04'!Y17 -> #REF! | Z17: 66 | AA17: 0 | AB17: =AA17+'04.04'!AB17 -> #REF! | AC17: 2580 | AD17: 26 | AE17: =AD17+'04.04'!AE17 -> #REF! | AF17: =AH17+AJ17+AL17+AN17 -> 174300 | AG17: =AI17+AK17+AM17+AO17 -> #REF! | AH17: 10300 | AI17: =AH17+'04.04'!AI17 -> #REF! | AJ17: 8500 | AK17: =AJ17+'04.04'!AK17 -> #REF! | AL17: 65000 | AM17: =AL17+'04.04'!AM17 -> #REF! | AN17: 90500 | AO17: =AN17+'04.04'!AO17 -> #REF! | AP17: Наманган вилояти | AQ17: =AS17+AU17+AW17+AY17+BA17 -> 16 | AR17: =AT17+AV17+AX17+AZ17+BB17 -> #REF! | AS17: 0 | AT17: =AS17+'04.04'!AT17 -> #REF! | AU17: 2 | AV17: =AU17+'04.04'!AV17 -> #REF! | AW17: 0 | AX17: =AW17+'04.04'!AX17 -> #REF! | AY17: 0 | AZ17: =AY17+'04.04'!AZ17 -> #REF! | BA17: 14 | BB17: =BA17+'04.04'!BB17 -> #REF! | BC17: =BE17+BG17+BI17+BK17+BM17 -> 1510 | BD17: =BF17+BH17+BJ17+BL17+BN17 -> #REF! | BE17: 46 | BF17: =BE17+'04.04'!BF17 -> #REF! | BG17: 4 | BH17: =BG17+'04.04'!BH17 -> #REF! | BI17: 1300 | BJ17: =BI17+'04.04'!BJ17 -> #REF! | BK17: 160 | BL17: =BK17+'04.04'!BL17 -> #REF! | BM17: 0 | BN17: =BM17+'04.04'!BN17 -> #REF! | BO17: 8022 | BP17: 0 | BQ17: =BP17+'04.04'!BQ17 -> #REF!
A18: Самарқанд вилояти | B18: =E18+H18+K18+N18+Q18+T18+W18+Z18+AC18 -> 3791 | C18: =F18+I18+L18+O18+R18+U18+X18+AA18+AD18 -> 522 | D18: =G18+J18+M18+P18+S18+V18+Y18+AB18+AE18 -> #REF! | E18: 1063 | F18: 309 | G18: =F18+'04.04'!G18 -> #REF! | H18: 19 | I18: 0 | J18: =I18+'04.04'!J18 -> #REF! | K18: 8 | L18: 0 | M18: =L18+'04.04'!M18 -> #REF! | N18: 1331 | O18: 0 | P18: =O18+'04.04'!P18 -> #REF! | Q18: 777 | R18: 0 | S18: =R18+'04.04'!S18 -> #REF! | T18: 318 | U18: 0 | V18: =U18+'04.04'!V18 -> #REF! | W18: 60 | X18: 213 | Y18: =X18+'04.04'!Y18 -> #REF! | Z18: 72 | AA18: 0 | AB18: =AA18+'04.04'!AB18 -> #REF! | AC18: 143 | AD18: 0 | AE18: =AD18+'04.04'!AE18 -> #REF! | AF18: =AH18+AJ18+AL18+AN18 -> 325240 | AG18: =AI18+AK18+AM18+AO18 -> #REF! | AH18: 538 | AI18: =AH18+'04.04'!AI18 -> #REF! | AJ18: 4584 | AK18: =AJ18+'04.04'!AK18 -> #REF! | AL18: 5145 | AM18: =AL18+'04.04'!AM18 -> #REF! | AN18: 314973 | AO18: =AN18+'04.04'!AO18 -> #REF! | AP18: Самарқанд вилояти | AQ18: =AS18+AU18+AW18+AY18+BA18 -> 5 | AR18: =AT18+AV18+AX18+AZ18+BB18 -> #REF! | AS18: 0 | AT18: =AS18+'04.04'!AT18 -> #REF! | AU18: 0 | AV18: =AU18+'04.04'!AV18 -> #REF! | AW18: 0 | AX18: =AW18+'04.04'!AX18 -> #REF! | AY18: 0 | AZ18: =AY18+'04.04'!AZ18 -> #REF! | BA18: 5 | BB18: =BA18+'04.04'!BB18 -> #REF! | BC18: =BE18+BG18+BI18+BK18+BM18 -> 2969 | BD18: =BF18+BH18+BJ18+BL18+BN18 -> #REF! | BE18: 1 | BF18: =BE18+'04.04'!BF18 -> #REF! | BG18: 0 | BH18: =BG18+'04.04'!BH18 -> #REF! | BI18: 2854 | BJ18: =BI18+'04.04'!BJ18 -> #REF! | BK18: 114 | BL18: =BK18+'04.04'!BL18 -> #REF! | BM18: 0 | BN18: =BM18+'04.04'!BN18 -> #REF! | BO18: 442 | BP18: 0 | BQ18: =BP18+'04.04'!BQ18 -> #REF!
A19: Сирдарё вилояти | B19: =E19+H19+K19+N19+Q19+T19+W19+Z19+AC19 -> 1040 | C19: =F19+I19+L19+O19+R19+U19+X19+AA19+AD19 -> 47 | D19: =G19+J19+M19+P19+S19+V19+Y19+AB19+AE19 -> #REF! | E19: 221 | F19: 8 | G19: =F19+'04.04'!G19 -> #REF! | H19: 5 | I19: 0 | J19: =I19+'04.04'!J19 -> #REF! | K19: 4 | L19: 0 | M19: =L19+'04.04'!M19 -> #REF! | N19: 313 | O19: 0 | P19: =O19+'04.04'!P19 -> #REF! | Q19: 203 | R19: 0 | S19: =R19+'04.04'!S19 -> #REF! | T19: 241 | U19: 0 | V19: =U19+'04.04'!V19 -> #REF! | W19: 14 | X19: 15 | Y19: =X19+'04.04'!Y19 -> #REF! | Z19: 7 | AA19: 0 | AB19: =AA19+'04.04'!AB19 -> #REF! | AC19: 32 | AD19: 24 | AE19: =AD19+'04.04'!AE19 -> #REF! | AF19: =AH19+AJ19+AL19+AN19 -> 3600 | AG19: =AI19+AK19+AM19+AO19 -> #REF! | AH19: 700 | AI19: =AH19+'04.04'!AI19 -> #REF! | AJ19: 700 | AK19: =AJ19+'04.04'!AK19 -> #REF! | AL19: 1100 | AM19: =AL19+'04.04'!AM19 -> #REF! | AN19: 1100 | AO19: =AN19+'04.04'!AO19 -> #REF! | AP19: Сирдарё вилояти | AQ19: =AS19+AU19+AW19+AY19+BA19 -> 0 | AR19: =AT19+AV19+AX19+AZ19+BB19 -> #REF! | AS19: 0 | AT19: =AS19+'04.04'!AT19 -> #REF! | AU19: 0 | AV19: =AU19+'04.04'!AV19 -> #REF! | AW19: 0 | AX19: =AW19+'04.04'!AX19 -> #REF! | AY19: 0 | AZ19: =AY19+'04.04'!AZ19 -> #REF! | BA19: 0 | BB19: =BA19+'04.04'!BB19 -> #REF! | BC19: =BE19+BG19+BI19+BK19+BM19 -> 1165 | BD19: =BF19+BH19+BJ19+BL19+BN19 -> #REF! | BE19: 15 | BF19: =BE19+'04.04'!BF19 -> #REF! | BG19: 0 | BH19: =BG19+'04.04'!BH19 -> #REF! | BI19: 1000 | BJ19: =BI19+'04.04'!BJ19 -> #REF! | BK19: 150 | BL19: =BK19+'04.04'!BL19 -> #REF! | BM19: 0 | BN19: =BM19+'04.04'!BN19 -> #REF! | BO19: 2898 | BP19: 0 | BQ19: =BP19+'04.04'!BQ19 -> #REF!
A20: Сурхондарё вилояти | B20: =E20+H20+K20+N20+Q20+T20+W20+Z20+AC20 -> 5228 | C20: =F20+I20+L20+O20+R20+U20+X20+AA20+AD20 -> 366 | D20: =G20+J20+M20+P20+S20+V20+Y20+AB20+AE20 -> #REF! | E20: 723 | F20: 231 | G20: =F20+'04.04'!G20 -> #REF! | H20: 5 | I20: 1 | J20: =I20+'04.04'!J20 -> #REF! | K20: 3 | L20: 0 | M20: =L20+'04.04'!M20 -> #REF! | N20: 975 | O20: 64 | P20: =O20+'04.04'!P20 -> #REF! | Q20: 1862 | R20: 2 | S20: =R20+'04.04'!S20 -> #REF! | T20: 35 | U20: 2 | V20: =U20+'04.04'!V20 -> #REF! | W20: 64 | X20: 2 | Y20: =X20+'04.04'!Y20 -> #REF! | Z20: 15 | AA20: 0 | AB20: =AA20+'04.04'!AB20 -> #REF! | AC20: 1546 | AD20: 64 | AE20: =AD20+'04.04'!AE20 -> #REF! | AF20: =AH20+AJ20+AL20+AN20 -> 15867 | AG20: =AI20+AK20+AM20+AO20 -> #REF! | AH20: 8070 | AI20: =AH20+'04.04'!AI20 -> #REF! | AJ20: 6697 | AK20: =AJ20+'04.04'!AK20 -> #REF! | AL20: 440 | AM20: =AL20+'04.04'!AM20 -> #REF! | AN20: 660 | AO20: =AN20+'04.04'!AO20 -> #REF! | AP20: Сурхондарё вилояти | AQ20: =AS20+AU20+AW20+AY20+BA20 -> 241 | AR20: =AT20+AV20+AX20+AZ20+BB20 -> #REF! | AS20: 1 | AT20: =AS20+'04.04'!AT20 -> #REF! | AU20: 0 | AV20: =AU20+'04.04'!AV20 -> #REF! | AW20: 0 | AX20: =AW20+'04.04'!AX20 -> #REF! | AY20: 0 | AZ20: =AY20+'04.04'!AZ20 -> #REF! | BA20: 240 | BB20: =BA20+'04.04'!BB20 -> #REF! | BC20: =BE20+BG20+BI20+BK20+BM20 -> 2646 | BD20: =BF20+BH20+BJ20+BL20+BN20 -> #REF! | BE20: 2 | BF20: =BE20+'04.04'!BF20 -> #REF! | BG20: 0 | BH20: =BG20+'04.04'!BH20 -> #REF! | BI20: 1240 | BJ20: =BI20+'04.04'!BJ20 -> #REF! | BK20: 1404 | BL20: =BK20+'04.04'!BL20 -> #REF! | BM20: 0 | BN20: =BM20+'04.04'!BN20 -> #REF! | BO20: 5854 | BP20: 0 | BQ20: =BP20+'04.04'!BQ20 -> #REF! | BR20: 1862 та давлатники | BU20: 1302 та хусусий
A21: Фарғона | B21: =E21+H21+K21+N21+Q21+T21+W21+Z21+AC21 -> 3266 | C21: =F21+I21+L21+O21+R21+U21+X21+AA21+AD21 -> 316 | D21: =G21+J21+M21+P21+S21+V21+Y21+AB21+AE21 -> #REF! | E21: 1017 | F21: 256 | G21: =F21+'04.04'!G21 -> #REF! | H21: 8 | I21: 5 | J21: =I21+'04.04'!J21 -> #REF! | K21: 4 | L21: 0 | M21: =L21+'04.04'!M21 -> #REF! | N21: 963 | O21: 0 | P21: =O21+'04.04'!P21 -> #REF! | Q21: 912 | R21: 0 | S21: =R21+'04.04'!S21 -> #REF! | T21: 199 | U21: 0 | V21: =U21+'04.04'!V21 -> #REF! | W21: 101 | X21: 55 | Y21: =X21+'04.04'!Y21 -> #REF! | Z21: 42 | AA21: 0 | AB21: =AA21+'04.04'!AB21 -> #REF! | AC21: 20 | AD21: 0 | AE21: =AD21+'04.04'!AE21 -> #REF! | AF21: =AH21+AJ21+AL21+AN21 -> 370000 | AG21: =AI21+AK21+AM21+AO21 -> #REF! | AH21: 2000 | AI21: =AH21+'04.04'!AI21 -> #REF! | AJ21: 118000 | AK21: =AJ21+'04.04'!AK21 -> #REF! | AL21: 10000 | AM21: =AL21+'04.04'!AM21 -> #REF! | AN21: 240000 | AO21: =AN21+'04.04'!AO21 -> #REF! | AP21: Фарғона | AQ21: =AS21+AU21+AW21+AY21+BA21 -> 12 | AR21: =AT21+AV21+AX21+AZ21+BB21 -> #REF! | AS21: 2 | AT21: =AS21+'04.04'!AT21 -> #REF! | AU21: 4 | AV21: =AU21+'04.04'!AV21 -> #REF! | AW21: 0 | AX21: =AW21+'04.04'!AX21 -> #REF! | AY21: 0 | AZ21: =AY21+'04.04'!AZ21 -> #REF! | BA21: 6 | BB21: =BA21+'04.04'!BB21 -> #REF! | BC21: =BE21+BG21+BI21+BK21+BM21 -> 10000 | BD21: =BF21+BH21+BJ21+BL21+BN21 -> #REF! | BE21: 0 | BF21: =BE21+'04.04'!BF21 -> #REF! | BG21: 0 | BH21: =BG21+'04.04'!BH21 -> #REF! | BI21: 10000 | BJ21: =BI21+'04.04'!BJ21 -> #REF! | BK21: 0 | BL21: =BK21+'04.04'!BL21 -> #REF! | BM21: 0 | BN21: =BM21+'04.04'!BN21 -> #REF! | BP21: 0 | BQ21: =BP21+'04.04'!BQ21 -> #REF!
A22: Хоразм | B22: =E22+H22+K22+N22+Q22+T22+W22+Z22+AC22 -> 1787 | C22: =F22+I22+L22+O22+R22+U22+X22+AA22+AD22 -> 783 | D22: =G22+J22+M22+P22+S22+V22+Y22+AB22+AE22 -> #REF! | E22: 509 | F22: 644 | G22: =F22+'04.04'!G22 -> #REF! | H22: 8 | I22: 0 | J22: =I22+'04.04'!J22 -> #REF! | K22: 21 | L22: 0 | M22: =L22+'04.04'!M22 -> #REF! | N22: 560 | O22: 0 | P22: =O22+'04.04'!P22 -> #REF! | Q22: 375 | R22: 0 | S22: =R22+'04.04'!S22 -> #REF! | T22: 165 | U22: 0 | V22: =U22+'04.04'!V22 -> #REF! | W22: 28 | X22: 50 | Y22: =X22+'04.04'!Y22 -> #REF! | Z22: 9 | AA22: 0 | AB22: =AA22+'04.04'!AB22 -> #REF! | AC22: 112 | AD22: 89 | AE22: =AD22+'04.04'!AE22 -> #REF! | AF22: =AH22+AJ22+AL22+AN22 -> 1207427 | AG22: =AI22+AK22+AM22+AO22 -> #REF! | AH22: 315 | AI22: =AH22+'04.04'!AI22 -> #REF! | AJ22: 2000 | AK22: =AJ22+'04.04'!AK22 -> #REF! | AL22: 205112 | AM22: =AL22+'04.04'!AM22 -> #REF! | AN22: 1000000 | AO22: =AN22+'04.04'!AO22 -> #REF! | AP22: Хоразм | AQ22: =AS22+AU22+AW22+AY22+BA22 -> 696 | AR22: =AT22+AV22+AX22+AZ22+BB22 -> #REF! | AS22: 0 | AT22: =AS22+'04.04'!AT22 -> #REF! | AU22: 0 | AV22: =AU22+'04.04'!AV22 -> #REF! | AW22: 0 | AX22: =AW22+'04.04'!AX22 -> #REF! | AY22: 0 | AZ22: =AY22+'04.04'!AZ22 -> #REF! | BA22: 696 | BB22: =BA22+'04.04'!BB22 -> #REF! | BC22: =BE22+BG22+BI22+BK22+BM22 -> 6380 | BD22: =BF22+BH22+BJ22+BL22+BN22 -> #REF! | BE22: 5 | BF22: =BE22+'04.04'!BF22 -> #REF! | BG22: 12 | BH22: =BG22+'04.04'!BH22 -> #REF! | BI22: 6343 | BJ22: =BI22+'04.04'!BJ22 -> #REF! | BK22: 20 | BL22: =BK22+'04.04'!BL22 -> #REF! | BM22: 0 | BN22: =BM22+'04.04'!BN22 -> #REF! | BO22: 26 | BP22: 23 | BQ22: =BP22+'04.04'!BQ22 -> #REF!
A23: ЖАМИ | B23: =E23+H23+K23+N23+Q23+T23+W23+Z23+AC23 -> 94991 | C23: =F23+I23+L23+O23+R23+U23+X23+AA23+AD23 -> 3397 | D23: =G23+J23+M23+P23+S23+V23+Y23+AB23+AE23 -> #REF! | E23: =+E18+E19+E22+E17+E16+E15+E14+E13+E12+E11+E10+E9+E8 -> 7282 | F23: =SUM(F8:F22) -> 2118 | G23: =SUM(G8:G22) -> #REF! | H23: =+H18+H19+H22+H17+H16+H15+H14+H13+H12+H11+H10+H9+H8 -> 271 | I23: =SUM(I8:I22) -> 11 | J23: =SUM(J8:J22) -> #REF! | K23: =+K18+K19+K22+K17+K16+K15+K14+K13+K12+K11+K10+K9+K8 -> 163 | L23: =SUM(L8:L22) -> 0 | M23: =SUM(M8:M22) -> #REF! | N23: =+N18+N19+N22+N17+N16+N15+N14+N13+N12+N11+N10+N9+N8 -> 8607 | O23: =SUM(O8:O22) -> 86 | P23: =SUM(P8:P22) -> #REF! | Q23: =+Q18+Q19+Q22+Q17+Q16+Q15+Q14+Q13+Q12+Q11+Q10+Q9+Q8 -> 7474 | R23: =SUM(R8:R22) -> 2 | S23: =SUM(S8:S22) -> #REF! | T23: =+T18+T19+T22+T17+T16+T15+T14+T13+T12+T11+T10+T9+T8 -> 4115 | U23: =SUM(U8:U22) -> 2 | V23: =SUM(V8:V22) -> #REF! | W23: =+W18+W19+W22+W17+W16+W15+W14+W13+W12+W11+W10+W9+W8 -> 604 | X23: =SUM(X8:X22) -> 670 | Y23: =SUM(Y8:Y22) -> #REF! | Z23: =+Z18+Z19+Z22+Z17+Z16+Z15+Z14+Z13+Z12+Z11+Z10+Z9+Z8 -> 1629 | AA23: =SUM(AA8:AA22) -> 1 | AB23: =SUM(AB8:AB22) -> #REF! | AC23: =+AC18+AC19+AC22+AC17+AC16+AC15+AC14+AC13+AC12+AC11+AC10+AC9+AC8 -> 64846 | AD23: =SUM(AD8:AD22) -> 507 | AE23: =SUM(AE8:AE22) -> #REF! | AF23: =SUM(AF8:AF22) -> 3958807 | AG23: =SUM(AG8:AG22) -> #REF! | AH23: =SUM(AH8:AH22) -> 41986 | AI23: =SUM(AI8:AI22) -> #REF! | AJ23: =SUM(AJ8:AJ22) -> 185965 | AK23: =SUM(AK8:AK22) -> #REF! | ... AO23: =SUM(AO8:AO22) -> #REF! | AP23: ЖАМИ | AQ23: =SUM(AQ8:AQ22) -> 3175 | AR23: =SUM(AR8:AR22) -> #REF! | AS23: =SUM(AS8:AS22) -> 69 | AT23: =SUM(AT8:AT22) -> #REF! | AU23: =SUM(AU8:AU22) -> 11 | AV23: =SUM(AV8:AV22) -> #REF! | AW23: =SUM(AW8:AW22) -> 940 | AX23: =SUM(AX8:AX22) -> #REF! | ... BQ23: =SUM(BQ8:BQ22) -> #REF!
I26: 3404
I27: 2118

Sheet 06.04
A1: Худудий бўлинмалар ходимлари томонидан ахборот технологиялари соҳасидаги жиноятларни олдини олиш бўйича амалга оширилган ишлар | AP1: Худудий бўлинмалар ходимлари томонидан ахборот технологиялари соҳасидаги жиноятларни олдини олиш бўйича амалга оширилган ишлар
A2: Ҳ И С О Б О Т Ж А Д В А Л И | AP2: ҲИСОБОТ ЖАДВАЛИ
A3: 1-жадвал 01.03.2026 йил | AP3: 2-жадвал 01.03.2026 йил
A4: Худудлар | B4: Ўтказилган учрашувлар сони март ойи учун | AF4: Учрашувда иштирок этган фуқаролар сони | AP4: Худудлар | AQ4: Оммавий ахборот воситаларида чиқишлар сони | BC4: Тарқатилган материаллар | BO4: Суҳбатлар
B5: ЖАМИ | E5: маҳаллалар | H5: олий таълим муассасалари | K5: академик лицейлар | N5: ўрта таълим муассасалари | Q5: мактабгача таълим муассасалари | T5: касалхона ва поликлиника | W5: бозорлар ва савдо | Z5: ҲМҚОрганлари | AC5: бошқа идора ва ташкилотлар | AF5: ЖАМИ | AH5: учрашувлар давомида | AL5: Онлайн тарғибот давомида
AH6: 18 ёшгача | AJ6: 18 ёшдан катта | AL6: 18 ёшгача | AN6: 18 ёшдан катта | AQ6: Жами | AS6: телевидения | AU6: радио | AW6: газета | AY6: журнал | BA6: интернет (ижтимоий тармоқлар) | BC6: Жами | BE6: Видео ва конт | BG6: Баннер | BI6: Флаер | BK6: Буклет | BM6: Бошқа | BO6: Пробация рўйғатида турувчи шахслар билан ўтказилган суҳбат
B7: сони | C7: бир кунда | D7: ой бошидан | E7: сони | F7: бир кунда | G7: ой бошидан | H7: сони | I7: бир кунда | J7: ой бошидан | K7: сони | L7: бир кунда | M7: ой бошидан | N7: сони | O7: бир кунда | P7: ой бошидан | Q7: сони | R7: бир кунда | S7: ой бошидан | T7: сони | U7: бир кунда | V7: ой бошидан | W7: сони | X7: бир кунда | Y7: ой бошидан | Z7: сони | AA7: бир кунда | AB7: ой бошидан | AC7: сони | AD7: бир кунда | AE7: ой бошидан | AF7: бир кунда | AG7: ой бошидан | AH7: бир кунда | AI7: ой бошидан | AJ7: бир кунда | AK7: ой бошидан | AL7: бир кунда | AM7: ой бошидан | AN7: бир кунда | AO7: ой бошидан | AQ7: бир кунда | AR7: ой бошидан | AS7: бир кунда | AT7: ой бошидан | AU7: бир кунда | AV7: ой бошидан | AW7: бир кунда | AX7: ой бошидан | AY7: бир кунда | AZ7: ой бошидан | BA7: бир кунда | BB7: ой бошидан | BC7: бир кунда | BD7: ой бошидан | BE7: бир кунда | BF7: ой бошидан | BG7: бир кунда | BH7: ой бошидан | BI7: бир кунда | BJ7: ой бошидан | BK7: бир кунда | BL7: ой бошидан | BM7: бир кунда | BN7: ой бошидан | BO7: Сони | BP7: бир кунда | BQ7: ой бошидан
A8: ИИВ | B8: =E8+H8+K8+N8+Q8+T8+W8+Z8+AC8 -> 0 | C8: =F8+I8+L8+O8+R8+U8+X8+AA8+AD8 -> 0 | D8: =G8+J8+M8+P8+S8+V8+Y8+AB8+AE8 -> 0 | G8: =F8 -> 0 | J8: =I8 -> 0 | M8: =L8 -> 0 | P8: =O8 -> 0 | S8: =R8 -> 0 | V8: =U8 -> 0 | Y8: =X8 -> 0 | AB8: =AA8 -> 0 | AE8: =AD8 -> 0 | AF8: =AH8+AJ8+AL8+AN8 -> 0 | AG8: =AI8+AK8+AM8+AO8 -> 0 | AI8: =AH8 -> 0 | AK8: =AJ8 -> 0 | AM8: =AL8 -> 0 | AO8: =AN8 -> 0 | AP8: ИИВ | AQ8: =AS8+AU8+AW8+AY8+BA8 -> 0 | AR8: =AT8+AV8+AX8+AZ8+BB8 -> 0 | AT8: =AS8 -> 0 | AV8: =AU8 -> 0 | AX8: =AW8 -> 0 | AZ8: =AY8 -> 0 | BB8: =BA8 -> 0 | BC8: =BE8+BG8+BI8+BK8+BM8 -> 0 | BD8: =BF8+BH8+BJ8+BL8+BN8 -> 0 | BF8: =BE8 -> 0 | BH8: =BG8 -> 0 | BJ8: =BI8 -> 0 | BL8: =BK8 -> 0 | BQ8: =BP8 -> 0
A9: ҚКР | B9: =E9+H9+K9+N9+Q9+T9+W9+Z9+AC9 -> 3841 | C9: =F9+I9+L9+O9+R9+U9+X9+AA9+AD9 -> 2 | D9: =G9+J9+M9+P9+S9+V9+Y9+AB9+AE9 -> #REF! | E9: 452 | F9: 1 | G9: =F9+'05.04'!G9 -> #REF! | H9: 12 | I9: 0 | J9: =I9+'05.04'!J9 -> #REF! | K9: 2 | L9: 0 | M9: =L9+'05.04'!M9 -> #REF! | N9: 735 | O9: 0 | P9: =O9+'05.04'!P9 -> #REF! | Q9: 502 | R9: 0 | S9: =R9+'05.04'!S9 -> #REF! | T9: 197 | U9: 0 | V9: =U9+'05.04'!V9 -> #REF! | W9: 47 | X9: 1 | Y9: =X9+'05.04'!Y9 -> #REF! | Z9: 34 | AA9: 0 | AB9: =AA9+'05.04'!AB9 -> #REF! | AC9: 1860 | AD9: 0 | AE9: =AD9+'05.04'!AE9 -> #REF! | AF9: =AH9+AJ9+AL9+AN9 -> 8587 | AG9: =AI9+AK9+AM9+AO9 -> #REF! | AH9: 97 | AI9: =AH9+'05.04'!AI9 -> #REF! | AJ9: 390 | AK9: =AJ9+'05.04'!AK9 -> #REF! | AL9: 2900 | AM9: =AL9+'05.04'!AM9 -> #REF! | AN9: 5200 | AO9: =AN9+'05.04'!AO9 -> #REF! | AP9: ҚКР | AQ9: =AS9+AU9+AW9+AY9+BA9 -> 60 | AR9: =AT9+AV9+AX9+AZ9+BB9 -> #REF! | AS9: 1 | AT9: =AS9+'05.04'!AT9 -> #REF! | AU9: 1 | AV9: =AU9+'05.04'!AV9 -> #REF! | AW9: 0 | AX9: =AW9+'05.04'!AX9 -> #REF! | AY9: 0 | AZ9: =AY9+'05.04'!AZ9 -> #REF! | BA9: 58 | BB9: =BA9+'05.04'!BB9 -> #REF! | BC9: =BE9+BG9+BI9+BK9+BM9 -> 521 | BD9: =BF9+BH9+BJ9+BL9+BN9 -> #REF! | BE9: 1 | BF9: =BE9+'05.04'!BF9 -> #REF! | BG9: 0 | BH9: =BG9+'05.04'!BH9 -> #REF! | BI9: 520 | BJ9: =BI9+'05.04'!BJ9 -> #REF! | BK9: 0 | BL9: =BK9+'05.04'!BL9 -> #REF! | BM9: 0 | BN9: =BM9+'05.04'!BN9 -> #REF! | BO9: 14 | BP9: 0 | BQ9: =BP9+'05.04'!BQ9 -> #REF!
A10: Тошкент шаҳри | B10: =E10+H10+K10+N10+Q10+T10+W10+Z10+AC10 -> 3627 | C10: =F10+I10+L10+O10+R10+U10+X10+AA10+AD10 -> 152 | D10: =G10+J10+M10+P10+S10+V10+Y10+AB10+AE10 -> #REF! | E10: 585 | F10: 23 | G10: =F10+'05.04'!G10 -> #REF! | H10: 93 | I10: 4 | J10: =I10+'05.04'!J10 -> #REF! | K10: 34 | L10: 0 | M10: =L10+'05.04'!M10 -> #REF! | N10: 352 | O10: 13 | P10: =O10+'05.04'!P10 -> #REF! | Q10: 549 | R10: 14 | S10: =R10+'05.04'!S10 -> #REF! | T10: 198 | U10: 8 | V10: =U10+'05.04'!V10 -> #REF! | W10: 55 | X10: 1 | Y10: =X10+'05.04'!Y10 -> #REF! | Z10: 71 | AA10: 2 | AB10: =AA10+'05.04'!AB10 -> #REF! | AC10: 1690 | AD10: 87 | AE10: =AD10+'05.04'!AE10 -> #REF! | AF10: =AH10+AJ10+AL10+AN10 -> 127520 | AG10: =AI10+AK10+AM10+AO10 -> #REF! | AH10: 1052 | AI10: =AH10+'05.04'!AI10 -> #REF! | AJ10: 5993 | AK10: =AJ10+'05.04'!AK10 -> #REF! | AL10: 19988 | AM10: =AL10+'05.04'!AM10 -> #REF! | AN10: 100487 | AO10: =AN10+'05.04'!AO10 -> #REF! | AP10: Тошкент шаҳри | AQ10: =AS10+AU10+AW10+AY10+BA10 -> 5 | AR10: =AT10+AV10+AX10+AZ10+BB10 -> #REF! | AS10: 0 | AT10: =AS10+'05.04'!AT10 -> #REF! | AU10: 0 | AV10: =AU10+'05.04'!AV10 -> #REF! | AW10: 0 | AX10: =AW10+'05.04'!AX10 -> #REF! | AY10: 0 | AZ10: =AY10+'05.04'!AZ10 -> #REF! | BA10: 5 | BB10: =BA10+'05.04'!BB10 -> #REF! | BC10: =BE10+BG10+BI10+BK10+BM10 -> 5225 | BD10: =BF10+BH10+BJ10+BL10+BN10 -> #REF! | BE10: 601 | BF10: =BE10+'05.04'!BF10 -> #REF! | BG10: 1 | BH10: =BG10+'05.04'!BH10 -> #REF! | BI10: 3262 | BJ10: =BI10+'05.04'!BJ10 -> #REF! | BK10: 1361 | BL10: =BK10+'05.04'!BL10 -> #REF! | BM10: 0 | BN10: =BM10+'05.04'!BN10 -> #REF! | BO10: 32 | BP10: 0 | BQ10: =BP10+'05.04'!BQ10 -> #REF!
A11: Тошкент вилояти | B11: =E11+H11+K11+N11+Q11+T11+W11+Z11+AC11 -> 15381 | C11: =F11+I11+L11+O11+R11+U11+X11+AA11+AD11 -> 130 | D11: =G11+J11+M11+P11+S11+V11+Y11+AB11+AE11 -> #REF! | E11: 883 | F11: 59 | G11: =F11+'05.04'!G11 -> #REF! | H11: 16 | I11: 0 | J11: =I11+'05.04'!J11 -> #REF! | K11: 3 | L11: 0 | M11: =L11+'05.04'!M11 -> #REF! | N11: 875 | O11: 0 | P11: =O11+'05.04'!P11 -> #REF! | Q11: 2424 | R11: 0 | S11: =R11+'05.04'!S11 -> #REF! | T11: 69 | U11: 0 | V11: =U11+'05.04'!V11 -> #REF! | W11: 133 | X11: 64 | Y11: =X11+'05.04'!Y11 -> #REF! | Z11: 1116 | AA11: 0 | AB11: =AA11+'05.04'!AB11 -> #REF! | AC11: 9862 | AD11: 7 | AE11: =AD11+'05.04'!AE11 -> #REF! | AF11: =AH11+AJ11+AL11+AN11 -> 166500 | AG11: =AI11+AK11+AM11+AO11 -> #REF! | AH11: 6800 | AI11: =AH11+'05.04'!AI11 -> #REF! | AJ11: 9700 | AK11: =AJ11+'05.04'!AK11 -> #REF! | AL11: 52000 | AM11: =AL11+'05.04'!AM11 -> #REF! | AN11: 98000 | AO11: =AN11+'05.04'!AO11 -> #REF! | AP11: Тошкент вилояти | AQ11: =AS11+AU11+AW11+AY11+BA11 -> 12 | AR11: =AT11+AV11+AX11+AZ11+BB11 -> #REF! | AS11: 0 | AT11: =AS11+'05.04'!AT11 -> #REF! | AU11: 0 | AV11: =AU11+'05.04'!AV11 -> #REF! | AW11: 0 | AX11: =AW11+'05.04'!AX11 -> #REF! | AY11: 0 | AZ11: =AY11+'05.04'!AZ11 -> #REF! | BA11: 12 | BB11: =BA11+'05.04'!BB11 -> #REF! | BC11: =BE11+BG11+BI11+BK11+BM11 -> 6324 | BD11: =BF11+BH11+BJ11+BL11+BN11 -> #REF! | BE11: 10 | BF11: =BE11+'05.04'!BF11 -> #REF! | BG11: 4 | BH11: =BG11+'05.04'!BH11 -> #REF! | BI11: 6200 | BJ11: =BI11+'05.04'!BJ11 -> #REF! | BK11: 110 | BL11: =BK11+'05.04'!BL11 -> #REF! | BM11: 0 | BN11: =BM11+'05.04'!BN11 -> #REF! | BO11: 11506 | BP11: 6 | BQ11: =BP11+'05.04'!BQ11 -> #REF!
A12: Андижон вилояти | B12: =E12+H12+K12+N12+Q12+T12+W12+Z12+AC12 -> 30164 | C12: =F12+I12+L12+O12+R12+U12+X12+AA12+AD12 -> 250 | D12: =G12+J12+M12+P12+S12+V12+Y12+AB12+AE12 -> #REF! | E12: 909 | F12: 51 | G12: =F12+'05.04'!G12 -> #REF! | H12: 80 | I12: 6 | J12: =I12+'05.04'!J12 -> #REF! | K12: 5 | L12: 0 | M12: =L12+'05.04'!M12 -> #REF! | N12: 820 | O12: 28 | P12: =O12+'05.04'!P12 -> #REF! | Q12: 549 | R12: 0 | S12: =R12+'05.04'!S12 -> #REF! | T12: 992 | U12: 0 | V12: =U12+'05.04'!V12 -> #REF! | W12: 38 | X12: 140 | Y12: =X12+'05.04'!Y12 -> #REF! | Z12: 68 | AA12: 0 | AB12: =AA12+'05.04'!AB12 -> #REF! | AC12: 26703 | AD12: 25 | AE12: =AD12+'05.04'!AE12 -> #REF! | AF12: =AH12+AJ12+AL12+AN12 -> 16800 | AG12: =AI12+AK12+AM12+AO12 -> #REF! | AH12: 5800 | AI12: =AH12+'05.04'!AI12 -> #REF! | AJ12: 9500 | AK12: =AJ12+'05.04'!AK12 -> #REF! | AL12: 200 | AM12: =AL12+'05.04'!AM12 -> #REF! | AN12: 1300 | AO12: =AN12+'05.04'!AO12 -> #REF! | AP12: Андижон вилояти | AQ12: =AS12+AU12+AW12+AY12+BA12 -> 88 | AR12: =AT12+AV12+AX12+AZ12+BB12 -> #REF! | AS12: 0 | AT12: =AS12+'05.04'!AT12 -> #REF! | AU12: 0 | AV12: =AU12+'05.04'!AV12 -> #REF! | AW12: 0 | AX12: =AW12+'05.04'!AX12 -> #REF! | AY12: 0 | AZ12: =AY12+'05.04'!AZ12 -> #REF! | BA12: 88 | BB12: =BA12+'05.04'!BB12 -> #REF! | BC12: =BE12+BG12+BI12+BK12+BM12 -> 2991 | BD12: =BF12+BH12+BJ12+BL12+BN12 -> #REF! | BE12: 127 | BF12: =BE12+'05.04'!BF12 -> #REF! | BG12: 14 | BH12: =BG12+'05.04'!BH12 -> #REF! | BI12: 2500 | BJ12: =BI12+'05.04'!BJ12 -> #REF! | BK12: 350 | BL12: =BK12+'05.04'!BL12 -> #REF! | BM12: 0 | BN12: =BM12+'05.04'!BN12 -> #REF! | BP12: 3 | BQ12: =BP12+'05.04'!BQ12 -> #REF!
A13: Бухоро вилояти | B13: =E13+H13+K13+N13+Q13+T13+W13+Z13+AC13 -> 2044 | C13: =F13+I13+L13+O13+R13+U13+X13+AA13+AD13 -> 6 | D13: =G13+J13+M13+P13+S13+V13+Y13+AB13+AE13 -> #REF! | E13: 516 | F13: 3 | G13: =F13+'05.04'!G13 -> #REF! | H13: 10 | I13: 2 | J13: =I13+'05.04'!J13 -> #REF! | K13: 38 | L13: 0 | M13: =L13+'05.04'!M13 -> #REF! | N13: 581 | O13: 0 | P13: =O13+'05.04'!P13 -> #REF! | Q13: 525 | R13: 0 | S13: =R13+'05.04'!S13 -> #REF! | T13: 263 | U13: 0 | V13: =U13+'05.04'!V13 -> #REF! | W13: 43 | X13: 0 | Y13: =X13+'05.04'!Y13 -> #REF! | Z13: 17 | AA13: 0 | AB13: =AA13+'05.04'!AB13 -> #REF! | AC13: 51 | AD13: 1 | AE13: =AD13+'05.04'!AE13 -> #REF! | AF13: =AH13+AJ13+AL13+AN13 -> 335000 | AG13: =AI13+AK13+AM13+AO13 -> #REF! | AH13: 2000 | AI13: =AH13+'05.04'!AI13 -> #REF! | AJ13: 13000 | AK13: =AJ13+'05.04'!AK13 -> #REF! | AL13: 30000 | AM13: =AL13+'05.04'!AM13 -> #REF! | AN13: 290000 | AO13: =AN13+'05.04'!AO13 -> #REF! | AP13: Бухоро вилояти | AQ13: =AS13+AU13+AW13+AY13+BA13 -> 14 | AR13: =AT13+AV13+AX13+AZ13+BB13 -> #REF! | AS13: 1 | AT13: =AS13+'05.04'!AT13 -> #REF! | AU13: 1 | AV13: =AU13+'05.04'!AV13 -> #REF! | AW13: 0 | AX13: =AW13+'05.04'!AX13 -> #REF! | AY13: 0 | AZ13: =AY13+'05.04'!AZ13 -> #REF! | BA13: 12 | BB13: =BA13+'05.04'!BB13 -> #REF! | BC13: =BE13+BG13+BI13+BK13+BM13 -> 7630 | BD13: =BF13+BH13+BJ13+BL13+BN13 -> #REF! | BE13: 518 | BF13: =BE13+'05.04'!BF13 -> #REF! | BG13: 12 | BH13: =BG13+'05.04'!BH13 -> #REF! | BI13: 7000 | BJ13: =BI13+'05.04'!BJ13 -> #REF! | BK13: 100 | BL13: =BK13+'05.04'!BL13 -> #REF! | BM13: 0 | BN13: =BM13+'05.04'!BN13 -> #REF! | BP13: 0 | BQ13: =BP13+'05.04'!BQ13 -> #REF!
A14: Жиззах вилояти | B14: =E14+H14+K14+N14+Q14+T14+W14+Z14+AC14 -> 3916 | C14: =F14+I14+L14+O14+R14+U14+X14+AA14+AD14 -> 105 | D14: =G14+J14+M14+P14+S14+V14+Y14+AB14+AE14 -> #REF! | E14: 304 | F14: 93 | G14: =F14+'05.04'!G14 -> #REF! | H14: 5 | I14: 0 | J14: =I14+'05.04'!J14 -> #REF! | K14: 34 | L14: 0 | M14: =L14+'05.04'!M14 -> #REF! | N14: 583 | O14: 0 | P14: =O14+'05.04'!P14 -> #REF! | Q14: 254 | R14: 0 | S14: =R14+'05.04'!S14 -> #REF! | T14: 196 | U14: 0 | V14: =U14+'05.04'!V14 -> #REF! | W14: 30 | X14: 10 | Y14: =X14+'05.04'!Y14 -> #REF! | Z14: 10 | AA14: 0 | AB14: =AA14+'05.04'!AB14 -> #REF! | AC14: 2500 | AD14: 2 | AE14: =AD14+'05.04'!AE14 -> #REF! | AF14: =AH14+AJ14+AL14+AN14 -> 173070 | AG14: =AI14+AK14+AM14+AO14 -> #REF! | AH14: 160 | AI14: =AH14+'05.04'!AI14 -> #REF! | AJ14: 10460 | AK14: =AJ14+'05.04'!AK14 -> #REF! | AL14: 18340 | AM14: =AL14+'05.04'!AM14 -> #REF! | AN14: 144110 | AO14: =AN14+'05.04'!AO14 -> #REF! | AP14: Жиззах вилояти | AQ14: =AS14+AU14+AW14+AY14+BA14 -> 12 | AR14: =AT14+AV14+AX14+AZ14+BB14 -> #REF! | AS14: 0 | AT14: =AS14+'05.04'!AT14 -> #REF! | AU14: 0 | AV14: =AU14+'05.04'!AV14 -> #REF! | AW14: 0 | AX14: =AW14+'05.04'!AX14 -> #REF! | AY14: 0 | AZ14: =AY14+'05.04'!AZ14 -> #REF! | BA14: 12 | BB14: =BA14+'05.04'!BB14 -> #REF! | BC14: =BE14+BG14+BI14+BK14+BM14 -> 4574 | BD14: =BF14+BH14+BJ14+BL14+BN14 -> #REF! | BE14: 11 | BF14: =BE14+'05.04'!BF14 -> #REF! | BG14: 3 | BH14: =BG14+'05.04'!BH14 -> #REF! | BI14: 4540 | BJ14: =BI14+'05.04'!BJ14 -> #REF! | BK14: 20 | BL14: =BK14+'05.04'!BL14 -> #REF! | BM14: 0 | BN14: =BM14+'05.04'!BN14 -> #REF! | BO14: 2 | BP14: 0 | BQ14: =BP14+'05.04'!BQ14 -> #REF!
A15: Қашқадарё вилояти | B15: =E15+H15+K15+N15+Q15+T15+W15+Z15+AC15 -> 3897 | C15: =F15+I15+L15+O15+R15+U15+X15+AA15+AD15 -> 501 | D15: =G15+J15+M15+P15+S15+V15+Y15+AB15+AE15 -> #REF! | E15: 776 | F15: 345 | G15: =F15+'05.04'!G15 -> #REF! | H15: 9 | I15: 0 | J15: =I15+'05.04'!J15 -> #REF! | K15: 6 | L15: 0 | M15: =L15+'05.04'!M15 -> #REF! | N15: 1305 | O15: 0 | P15: =O15+'05.04'!P15 -> #REF! | Q15: 447 | R15: 0 | S15: =R15+'05.04'!S15 -> #REF! | T15: 337 | U15: 0 | V15: =U15+'05.04'!V15 -> #REF! | W15: 78 | X15: 0 | Y15: =X15+'05.04'!Y15 -> #REF! | Z15: 141 | AA15: 0 | AB15: =AA15+'05.04'!AB15 -> #REF! | AC15: 798 | AD15: 156 | AE15: =AD15+'05.04'!AE15 -> #REF! | AF15: =AH15+AJ15+AL15+AN15 -> 1283024 | AG15: =AI15+AK15+AM15+AO15 -> #REF! | AH15: 1070 | AI15: =AH15+'05.04'!AI15 -> #REF! | AJ15: 3800 | AK15: =AJ15+'05.04'!AK15 -> #REF! | AL15: 639077 | AM15: =AL15+'05.04'!AM15 -> #REF! | AN15: 639077 | AO15: =AN15+'05.04'!AO15 -> #REF! | AP15: Қашқадарё вилояти | AQ15: =AS15+AU15+AW15+AY15+BA15 -> 4 | AR15: =AT15+AV15+AX15+AZ15+BB15 -> #REF! | AS15: 0 | AT15: =AS15+'05.04'!AT15 -> #REF! | AU15: 0 | AV15: =AU15+'05.04'!AV15 -> #REF! | AW15: 0 | AX15: =AW15+'05.04'!AX15 -> #REF! | AY15: 0 | AZ15: =AY15+'05.04'!AZ15 -> #REF! | BA15: 4 | BB15: =BA15+'05.04'!BB15 -> #REF! | BC15: =BE15+BG15+BI15+BK15+BM15 -> 2014 | BD15: =BF15+BH15+BJ15+BL15+BN15 -> #REF! | BE15: 70 | BF15: =BE15+'05.04'!BF15 -> #REF! | BG15: 4 | BH15: =BG15+'05.04'!BH15 -> #REF! | BI15: 970 | BJ15: =BI15+'05.04'!BJ15 -> #REF! | BK15: 970 | BL15: =BK15+'05.04'!BL15 -> #REF! | BM15: 0 | BN15: =BM15+'05.04'!BN15 -> #REF! | BO15: 6274 | BP15: 2 | BQ15: =BP15+'05.04'!BQ15 -> #REF! | BR15: умумий утирганлар билан
A16: Навоий вилояти | B16: =E16+H16+K16+N16+Q16+T16+W16+Z16+AC16 -> 19901 | C16: =F16+I16+L16+O16+R16+U16+X16+AA16+AD16 -> 163 | D16: =G16+J16+M16+P16+S16+V16+Y16+AB16+AE16 -> #REF! | E16: 310 | F16: 54 | G16: =F16+'05.04'!G16 -> #REF! | H16: 5 | I16: 0 | J16: =I16+'05.04'!J16 -> #REF! | K16: 3 | L16: 0 | M16: =L16+'05.04'!M16 -> #REF! | N16: 384 | O16: 0 | P16: =O16+'05.04'!P16 -> #REF! | Q16: 245 | R16: 0 | S16: =R16+'05.04'!S16 -> #REF! | T16: 397 | U16: 0 | V16: =U16+'05.04'!V16 -> #REF! | W16: 24 | X16: 48 | Y16: =X16+'05.04'!Y16 -> #REF! | Z16: 18 | AA16: 0 | AB16: =AA16+'05.04'!AB16 -> #REF! | AC16: 18515 | AD16: 61 | AE16: =AD16+'05.04'!AE16 -> #REF! | AF16: =AH16+AJ16+AL16+AN16 -> 106230 | AG16: =AI16+AK16+AM16+AO16 -> #REF! | AH16: 300 | AI16: =AH16+'05.04'!AI16 -> #REF! | AJ16: 1510 | AK16: =AJ16+'05.04'!AK16 -> #REF! | AL16: 5350 | AM16: =AL16+'05.04'!AM16 -> #REF! | AN16: 99070 | AO16: =AN16+'05.04'!AO16 -> #REF! | AP16: Навоий вилояти | AQ16: =AS16+AU16+AW16+AY16+BA16 -> 38 | AR16: =AT16+AV16+AX16+AZ16+BB16 -> #REF! | AS16: 0 | AT16: =AS16+'05.04'!AT16 -> #REF! | AU16: 0 | AV16: =AU16+'05.04'!AV16 -> #REF! | AW16: 0 | AX16: =AW16+'05.04'!AX16 -> #REF! | AY16: 0 | AZ16: =AY16+'05.04'!AZ16 -> #REF! | BA16: 38 | BB16: =BA16+'05.04'!BB16 -> #REF! | BC16: =BE16+BG16+BI16+BK16+BM16 -> 1699 | BD16: =BF16+BH16+BJ16+BL16+BN16 -> #REF! | BE16: 97 | BF16: =BE16+'05.04'!BF16 -> #REF! | BG16: 2 | BH16: =BG16+'05.04'!BH16 -> #REF! | BI16: 1300 | BJ16: =BI16+'05.04'!BJ16 -> #REF! | BK16: 300 | BL16: =BK16+'05.04'!BL16 -> #REF! | BM16: 0 | BN16: =BM16+'05.04'!BN16 -> #REF! | BO16: 2546 | BP16: 1 | BQ16: =BP16+'05.04'!BQ16 -> #REF!
A17: Наманган вилояти | B17: =E17+H17+K17+N17+Q17+T17+W17+Z17+AC17 -> 5602 | C17: =F17+I17+L17+O17+R17+U17+X17+AA17+AD17 -> 182 | D17: =G17+J17+M17+P17+S17+V17+Y17+AB17+AE17 -> #REF! | E17: 754 | F17: 100 | G17: =F17+'05.04'!G17 -> #REF! | H17: 9 | I17: 0 | J17: =I17+'05.04'!J17 -> #REF! | K17: 5 | L17: 0 | M17: =L17+'05.04'!M17 -> #REF! | N17: 768 | O17: 0 | P17: =O17+'05.04'!P17 -> #REF! | Q17: 624 | R17: 0 | S17: =R17+'05.04'!S17 -> #REF! | T17: 742 | U17: 0 | V17: =U17+'05.04'!V17 -> #REF! | W17: 54 | X17: 62 | Y17: =X17+'05.04'!Y17 -> #REF! | Z17: 66 | AA17: 0 | AB17: =AA17+'05.04'!AB17 -> #REF! | AC17: 2580 | AD17: 20 | AE17: =AD17+'05.04'!AE17 -> #REF! | AF17: =AH17+AJ17+AL17+AN17 -> 195300 | AG17: =AI17+AK17+AM17+AO17 -> #REF! | AH17: 10300 | AI17: =AH17+'05.04'!AI17 -> #REF! | AJ17: 9500 | AK17: =AJ17+'05.04'!AK17 -> #REF! | AL17: 75000 | AM17: =AL17+'05.04'!AM17 -> #REF! | AN17: 100500 | AO17: =AN17+'05.04'!AO17 -> #REF! | AP17: Наманган вилояти | AQ17: =AS17+AU17+AW17+AY17+BA17 -> 16 | AR17: =AT17+AV17+AX17+AZ17+BB17 -> #REF! | AS17: 1 | AT17: =AS17+'05.04'!AT17 -> #REF! | AU17: 1 | AV17: =AU17+'05.04'!AV17 -> #REF! | AW17: 0 | AX17: =AW17+'05.04'!AX17 -> #REF! | AY17: 0 | AZ17: =AY17+'05.04'!AZ17 -> #REF! | BA17: 14 | BB17: =BA17+'05.04'!BB17 -> #REF! | BC17: =BE17+BG17+BI17+BK17+BM17 -> 1502 | BD17: =BF17+BH17+BJ17+BL17+BN17 -> #REF! | BE17: 38 | BF17: =BE17+'05.04'!BF17 -> #REF! | BG17: 4 | BH17: =BG17+'05.04'!BH17 -> #REF! | BI17: 1300 | BJ17: =BI17+'05.04'!BJ17 -> #REF! | BK17: 160 | BL17: =BK17+'05.04'!BL17 -> #REF! | BM17: 0 | BN17: =BM17+'05.04'!BN17 -> #REF! | BO17: 8022 | BP17: 10 | BQ17: =BP17+'05.04'!BQ17 -> #REF!
A18: Самарқанд вилояти | B18: =E18+H18+K18+N18+Q18+T18+W18+Z18+AC18 -> 3791 | C18: =F18+I18+L18+O18+R18+U18+X18+AA18+AD18 -> 542 | D18: =G18+J18+M18+P18+S18+V18+Y18+AB18+AE18 -> #REF! | E18: 1063 | F18: 314 | G18: =F18+'05.04'!G18 -> #REF! | H18: 19 | I18: 0 | J18: =I18+'05.04'!J18 -> #REF! | K18: 8 | L18: 0 | M18: =L18+'05.04'!M18 -> #REF! | N18: 1331 | O18: 0 | P18: =O18+'05.04'!P18 -> #REF! | Q18: 777 | R18: 0 | S18: =R18+'05.04'!S18 -> #REF! | T18: 318 | U18: 0 | V18: =U18+'05.04'!V18 -> #REF! | W18: 60 | X18: 228 | Y18: =X18+'05.04'!Y18 -> #REF! | Z18: 72 | AA18: 0 | AB18: =AA18+'05.04'!AB18 -> #REF! | AC18: 143 | AD18: 0 | AE18: =AD18+'05.04'!AE18 -> #REF! | AF18: =AH18+AJ18+AL18+AN18 -> 347547 | AG18: =AI18+AK18+AM18+AO18 -> #REF! | AH18: 592 | AI18: =AH18+'05.04'!AI18 -> #REF! | AJ18: 4826 | AK18: =AJ18+'05.04'!AK18 -> #REF! | AL18: 5217 | AM18: =AL18+'05.04'!AM18 -> #REF! | AN18: 336912 | AO18: =AN18+'05.04'!AO18 -> #REF! | AP18: Самарқанд вилояти | AQ18: =AS18+AU18+AW18+AY18+BA18 -> 9 | AR18: =AT18+AV18+AX18+AZ18+BB18 -> #REF! | AS18: 1 | AT18: =AS18+'05.04'!AT18 -> #REF! | AU18: 0 | AV18: =AU18+'05.04'!AV18 -> #REF! | AW18: 0 | AX18: =AW18+'05.04'!AX18 -> #REF! | AY18: 0 | AZ18: =AY18+'05.04'!AZ18 -> #REF! | BA18: 8 | BB18: =BA18+'05.04'!BB18 -> #REF! | BC18: =BE18+BG18+BI18+BK18+BM18 -> 3022 | BD18: =BF18+BH18+BJ18+BL18+BN18 -> #REF! | BE18: 1 | BF18: =BE18+'05.04'!BF18 -> #REF! | BG18: 0 | BH18: =BG18+'05.04'!BH18 -> #REF! | BI18: 2897 | BJ18: =BI18+'05.04'!BJ18 -> #REF! | BK18: 124 | BL18: =BK18+'05.04'!BL18 -> #REF! | BM18: 0 | BN18: =BM18+'05.04'!BN18 -> #REF! | BO18: 442 | BP18: 0 | BQ18: =BP18+'05.04'!BQ18 -> #REF!
A19: Сирдарё вилояти | B19: =E19+H19+K19+N19+Q19+T19+W19+Z19+AC19 -> 1040 | C19: =F19+I19+L19+O19+R19+U19+X19+AA19+AD19 -> 57 | D19: =G19+J19+M19+P19+S19+V19+Y19+AB19+AE19 -> #REF! | E19: 221 | F19: 14 | G19: =F19+'05.04'!G19 -> #REF! | H19: 5 | I19: 0 | J19: =I19+'05.04'!J19 -> #REF! | K19: 4 | L19: 0 | M19: =L19+'05.04'!M19 -> #REF! | N19: 313 | O19: 0 | P19: =O19+'05.04'!P19 -> #REF! | Q19: 203 | R19: 0 | S19: =R19+'05.04'!S19 -> #REF! | T19: 241 | U19: 0 | V19: =U19+'05.04'!V19 -> #REF! | W19: 14 | X19: 18 | Y19: =X19+'05.04'!Y19 -> #REF! | Z19: 7 | AA19: 0 | AB19: =AA19+'05.04'!AB19 -> #REF! | AC19: 32 | AD19: 25 | AE19: =AD19+'05.04'!AE19 -> #REF! | AF19: =AH19+AJ19+AL19+AN19 -> 3500 | AG19: =AI19+AK19+AM19+AO19 -> #REF! | AH19: 550 | AI19: =AH19+'05.04'!AI19 -> #REF! | AJ19: 550 | AK19: =AJ19+'05.04'!AK19 -> #REF! | AL19: 1200 | AM19: =AL19+'05.04'!AM19 -> #REF! | AN19: 1200 | AO19: =AN19+'05.04'!AO19 -> #REF! | AP19: Сирдарё вилояти | AQ19: =AS19+AU19+AW19+AY19+BA19 -> 0 | AR19: =AT19+AV19+AX19+AZ19+BB19 -> #REF! | AS19: 0 | AT19: =AS19+'05.04'!AT19 -> #REF! | AU19: 0 | AV19: =AU19+'05.04'!AV19 -> #REF! | AW19: 0 | AX19: =AW19+'05.04'!AX19 -> #REF! | AY19: 0 | AZ19: =AY19+'05.04'!AZ19 -> #REF! | BA19: 0 | BB19: =BA19+'05.04'!BB19 -> #REF! | BC19: =BE19+BG19+BI19+BK19+BM19 -> 1050 | BD19: =BF19+BH19+BJ19+BL19+BN19 -> #REF! | BE19: 0 | BF19: =BE19+'05.04'!BF19 -> #REF! | BG19: 150 | BH19: =BG19+'05.04'!BH19 -> #REF! | BI19: 900 | BJ19: =BI19+'05.04'!BJ19 -> #REF! | BK19: 0 | BL19: =BK19+'05.04'!BL19 -> #REF! | BM19: 0 | BN19: =BM19+'05.04'!BN19 -> #REF! | BO19: 2898 | BP19: 0 | BQ19: =BP19+'05.04'!BQ19 -> #REF!
A20: Сурхондарё вилояти | B20: =E20+H20+K20+N20+Q20+T20+W20+Z20+AC20 -> 5228 | C20: =F20+I20+L20+O20+R20+U20+X20+AA20+AD20 -> 368 | D20: =G20+J20+M20+P20+S20+V20+Y20+AB20+AE20 -> #REF! | E20: 723 | F20: 231 | G20: =F20+'05.04'!G20 -> #REF! | H20: 5 | I20: 1 | J20: =I20+'05.04'!J20 -> #REF! | K20: 3 | L20: 0 | M20: =L20+'05.04'!M20 -> #REF! | N20: 975 | O20: 64 | P20: =O20+'05.04'!P20 -> #REF! | Q20: 1862 | R20: 2 | S20: =R20+'05.04'!S20 -> #REF! | T20: 35 | U20: 2 | V20: =U20+'05.04'!V20 -> #REF! | W20: 64 | X20: 3 | Y20: =X20+'05.04'!Y20 -> #REF! | Z20: 15 | AA20: 1 | AB20: =AA20+'05.04'!AB20 -> #REF! | AC20: 1546 | AD20: 64 | AE20: =AD20+'05.04'!AE20 -> #REF! | AF20: =AH20+AJ20+AL20+AN20 -> 15867 | AG20: =AI20+AK20+AM20+AO20 -> #REF! | AH20: 8070 | AI20: =AH20+'05.04'!AI20 -> #REF! | AJ20: 6697 | AK20: =AJ20+'05.04'!AK20 -> #REF! | AL20: 440 | AM20: =AL20+'05.04'!AM20 -> #REF! | AN20: 660 | AO20: =AN20+'05.04'!AO20 -> #REF! | AP20: Сурхондарё вилояти | AQ20: =AS20+AU20+AW20+AY20+BA20 -> 1 | AR20: =AT20+AV20+AX20+AZ20+BB20 -> #REF! | AS20: 1 | AT20: =AS20+'05.04'!AT20 -> #REF! | AU20: 0 | AV20: =AU20+'05.04'!AV20 -> #REF! | AW20: 0 | AX20: =AW20+'05.04'!AX20 -> #REF! | AY20: 0 | AZ20: =AY20+'05.04'!AZ20 -> #REF! | BA20: 0 | BB20: =BA20+'05.04'!BB20 -> #REF! | BC20: =BE20+BG20+BI20+BK20+BM20 -> 2646 | BD20: =BF20+BH20+BJ20+BL20+BN20 -> #REF! | BE20: 2 | BF20: =BE20+'05.04'!BF20 -> #REF! | BG20: 0 | BH20: =BG20+'05.04'!BH20 -> #REF! | BI20: 1240 | BJ20: =BI20+'05.04'!BJ20 -> #REF! | BK20: 1404 | BL20: =BK20+'05.04'!BL20 -> #REF! | BM20: 0 | BN20: =BM20+'05.04'!BN20 -> #REF! | BO20: 5854 | BQ20: =BP20+'05.04'!BQ20 -> #REF! | BR20: 1862 та давлатники | BU20: 1302 та хусусий
A21: Фарғона | B21: =E21+H21+K21+N21+Q21+T21+W21+Z21+AC21 -> 3266 | C21: =F21+I21+L21+O21+R21+U21+X21+AA21+AD21 -> 328 | D21: =G21+J21+M21+P21+S21+V21+Y21+AB21+AE21 -> #REF! | E21: 1017 | F21: 300 | G21: =F21+'05.04'!G21 -> #REF! | H21: 8 | I21: 0 | J21: =I21+'05.04'!J21 -> #REF! | K21: 4 | L21: 0 | M21: =L21+'05.04'!M21 -> #REF! | N21: 963 | O21: 2 | P21: =O21+'05.04'!P21 -> #REF! | Q21: 912 | R21: 0 | S21: =R21+'05.04'!S21 -> #REF! | T21: 199 | U21: 3 | V21: =U21+'05.04'!V21 -> #REF! | W21: 101 | X21: 15 | Y21: =X21+'05.04'!Y21 -> #REF! | Z21: 42 | AA21: 0 | AB21: =AA21+'05.04'!AB21 -> #REF! | AC21: 20 | AD21: 8 | AE21: =AD21+'05.04'!AE21 -> #REF! | AF21: =AH21+AJ21+AL21+AN21 -> 350000 | AG21: =AI21+AK21+AM21+AO21 -> #REF! | AH21: 2000 | AI21: =AH21+'05.04'!AI21 -> #REF! | AJ21: 98000 | AK21: =AJ21+'05.04'!AK21 -> #REF! | AL21: 5000 | AM21: =AL21+'05.04'!AM21 -> #REF! | AN21: 245000 | AO21: =AN21+'05.04'!AO21 -> #REF! | AP21: Фарғона | AQ21: =AS21+AU21+AW21+AY21+BA21 -> 10 | AR21: =AT21+AV21+AX21+AZ21+BB21 -> #REF! | AS21: 0 | AT21: =AS21+'05.04'!AT21 -> #REF! | AU21: 2 | AV21: =AU21+'05.04'!AV21 -> #REF! | AW21: 0 | AX21: =AW21+'05.04'!AX21 -> #REF! | AY21: 0 | AZ21: =AY21+'05.04'!AZ21 -> #REF! | BA21: 8 | BB21: =BA21+'05.04'!BB21 -> #REF! | BC21: =BE21+BG21+BI21+BK21+BM21 -> 4000 | BD21: =BF21+BH21+BJ21+BL21+BN21 -> #REF! | BE21: 0 | BF21: =BE21+'05.04'!BF21 -> #REF! | BG21: 0 | BH21: =BG21+'05.04'!BH21 -> #REF! | BI21: 4000 | BJ21: =BI21+'05.04'!BJ21 -> #REF! | BK21: 0 | BL21: =BK21+'05.04'!BL21 -> #REF! | BM21: 0 | BN21: =BM21+'05.04'!BN21 -> #REF! | BP21: 1 | BQ21: =BP21+'05.04'!BQ21 -> #REF!
A22: Хоразм | B22: =E22+H22+K22+N22+Q22+T22+W22+Z22+AC22 -> 1787 | C22: =F22+I22+L22+O22+R22+U22+X22+AA22+AD22 -> 825 | D22: =G22+J22+M22+P22+S22+V22+Y22+AB22+AE22 -> #REF! | E22: 509 | F22: 380 | G22: =F22+'05.04'!G22 -> #REF! | H22: 8 | I22: 0 | J22: =I22+'05.04'!J22 -> #REF! | K22: 21 | L22: 0 | M22: =L22+'05.04'!M22 -> #REF! | N22: 560 | O22: 75 | P22: =O22+'05.04'!P22 -> #REF! | Q22: 375 | R22: 0 | S22: =R22+'05.04'!S22 -> #REF! | T22: 165 | U22: 22 | V22: =U22+'05.04'!V22 -> #REF! | W22: 28 | X22: 48 | Y22: =X22+'05.04'!Y22 -> #REF! | Z22: 9 | AA22: 0 | AB22: =AA22+'05.04'!AB22 -> #REF! | AC22: 112 | AD22: 300 | AE22: =AD22+'05.04'!AE22 -> #REF! | AF22: =AH22+AJ22+AL22+AN22 -> 9849 | AG22: =AI22+AK22+AM22+AO22 -> #REF! | AH22: 494 | AI22: =AH22+'05.04'!AI22 -> #REF! | AJ22: 9000 | AK22: =AJ22+'05.04'!AK22 -> #REF! | AL22: 115 | AM22: =AL22+'05.04'!AM22 -> #REF! | AN22: 240 | AO22: =AN22+'05.04'!AO22 -> #REF! | AP22: Хоразм | AQ22: =AS22+AU22+AW22+AY22+BA22 -> 942 | AR22: =AT22+AV22+AX22+AZ22+BB22 -> #REF! | AS22: 1 | AT22: =AS22+'05.04'!AT22 -> #REF! | AU22: 1 | AV22: =AU22+'05.04'!AV22 -> #REF! | AW22: 1 | AX22: =AW22+'05.04'!AX22 -> #REF! | AY22: 0 | AZ22: =AY22+'05.04'!AZ22 -> #REF! | BA22: 939 | BB22: =BA22+'05.04'!BB22 -> #REF! | BC22: =BE22+BG22+BI22+BK22+BM22 -> 7676 | BD22: =BF22+BH22+BJ22+BL22+BN22 -> #REF! | BE22: 8 | BF22: =BE22+'05.04'!BF22 -> #REF! | BG22: 8 | BH22: =BG22+'05.04'!BH22 -> #REF! | BI22: 7642 | BJ22: =BI22+'05.04'!BJ22 -> #REF! | BK22: 18 | BL22: =BK22+'05.04'!BL22 -> #REF! | BM22: 0 | BN22: =BM22+'05.04'!BN22 -> #REF! | BO22: 26 | BP22: 35 | BQ22: =BP22+'05.04'!BQ22 -> #REF!
A23: ЖАМИ | B23: =E23+H23+K23+N23+Q23+T23+W23+Z23+AC23 -> 94991 | C23: =F23+I23+L23+O23+R23+U23+X23+AA23+AD23 -> 3611 | D23: =G23+J23+M23+P23+S23+V23+Y23+AB23+AE23 -> #REF! | E23: =+E18+E19+E22+E17+E16+E15+E14+E13+E12+E11+E10+E9+E8 -> 7282 | F23: =SUM(F8:F22) -> 1968 | G23: =SUM(G8:G22) -> #REF! | H23: =+H18+H19+H22+H17+H16+H15+H14+H13+H12+H11+H10+H9+H8 -> 271 | I23: =SUM(I8:I22) -> 13 | J23: =SUM(J8:J22) -> #REF! | K23: =+K18+K19+K22+K17+K16+K15+K14+K13+K12+K11+K10+K9+K8 -> 163 | L23: =SUM(L8:L22) -> 0 | M23: =SUM(M8:M22) -> #REF! | N23: =+N18+N19+N22+N17+N16+N15+N14+N13+N12+N11+N10+N9+N8 -> 8607 | O23: =SUM(O8:O22) -> 182 | P23: =SUM(P8:P22) -> #REF! | Q23: =+Q18+Q19+Q22+Q17+Q16+Q15+Q14+Q13+Q12+Q11+Q10+Q9+Q8 -> 7474 | R23: =SUM(R8:R22) -> 16 | S23: =SUM(S8:S22) -> #REF! | T23: =+T18+T19+T22+T17+T16+T15+T14+T13+T12+T11+T10+T9+T8 -> 4115 | U23: =SUM(U8:U22) -> 35 | V23: =SUM(V8:V22) -> #REF! | W23: =+W18+W19+W22+W17+W16+W15+W14+W13+W12+W11+W10+W9+W8 -> 604 | X23: =SUM(X8:X22) -> 638 | Y23: =SUM(Y8:Y22) -> #REF! | Z23: =+Z18+Z19+Z22+Z17+Z16+Z15+Z14+Z13+Z12+Z11+Z10+Z9+Z8 -> 1629 | AA23: =SUM(AA8:AA22) -> 3 | AB23: =SUM(AB8:AB22) -> #REF! | AC23: =+AC18+AC19+AC22+AC17+AC16+AC15+AC14+AC13+AC12+AC11+AC10+AC9+AC8 -> 64846 | AD23: =SUM(AD8:AD22) -> 756 | AE23: =SUM(AE8:AE22) -> #REF! | AF23: =SUM(AF8:AF22) -> 3138794 | AG23: =SUM(AG8:AG22) -> #REF! | AH23: =SUM(AH8:AH22) -> 39285 | AI23: =SUM(AI8:AI22) -> #REF! | AJ23: =SUM(AJ8:AJ22) -> 182926 | AK23: =SUM(AK8:AK22) -> #REF! | ... AO23: =SUM(AO8:AO22) -> #REF! | AP23: ЖАМИ | AQ23: =SUM(AQ8:AQ22) -> 1211 | AR23: =SUM(AR8:AR22) -> #REF! | AS23: =SUM(AS8:AS22) -> 6 | AT23: =SUM(AT8:AT22) -> #REF! | AU23: =SUM(AU8:AU22) -> 6 | AV23: =SUM(AV8:AV22) -> #REF! | AW23: =SUM(AW8:AW22) -> 1 | AX23: =SUM(AX8:AX22) -> #REF! | ... BP23: =SUM(BP8:BP22) -> 58 | BQ23: =BP23+'05.04'!BP23 -> 93

Sheet 07.04
A1: Худудий бўлинмалар ходимлари томонидан ахборот технологиялари соҳасидаги жиноятларни олдини олиш бўйича амалга оширилган ишлар | AP1: Худудий бўлинмалар ходимлари томонидан ахборот технологиялари соҳасидаги жиноятларни олдини олиш бўйича амалга оширилган ишлар
A2: Ҳ И С О Б О Т Ж А Д В А Л И | AP2: ҲИСОБОТ ЖАДВАЛИ
A3: 1-жадвал 01.03.2026 йил | AP3: 2-жадвал 01.03.2026 йил
A4: Худудлар | B4: Ўтказилган учрашувлар сони март ойи учун | AF4: Учрашувда иштирок этган фуқаролар сони | AP4: Худудлар | AQ4: Оммавий ахборот воситаларида чиқишлар сони | BC4: Тарқатилган материаллар | BO4: Суҳбатлар
B5: ЖАМИ | E5: маҳаллалар | H5: олий таълим муассасалари | K5: академик лицейлар | N5: ўрта таълим муассасалари | Q5: мактабгача таълим муассасалари | T5: касалхона ва поликлиника | W5: бозорлар ва савдо | Z5: ҲМҚОрганлари | AC5: бошқа идора ва ташкилотлар | AF5: ЖАМИ | AH5: учрашувлар давомида | AL5: Онлайн тарғибот давомида
AH6: 18 ёшгача | AJ6: 18 ёшдан катта | AL6: 18 ёшгача | AN6: 18 ёшдан катта | AQ6: Жами | AS6: телевидения | AU6: радио | AW6: газета | AY6: журнал | BA6: интернет (ижтимоий тармоқлар) | BC6: Жами | BE6: Видео ва конт | BG6: Баннер | BI6: Флаер | BK6: Буклет | BM6: Бошқа | BO6: Пробация рўйғатида турувчи шахслар билан ўтказилган суҳбат
B7: сони | C7: бир кунда | D7: ой бошидан | E7: сони | F7: бир кунда | G7: ой бошидан | H7: сони | I7: бир кунда | J7: ой бошидан | K7: сони | L7: бир кунда | M7: ой бошидан | N7: сони | O7: бир кунда | P7: ой бошидан | Q7: сони | R7: бир кунда | S7: ой бошидан | T7: сони | U7: бир кунда | V7: ой бошидан | W7: сони | X7: бир кунда | Y7: ой бошидан | Z7: сони | AA7: бир кунда | AB7: ой бошидан | AC7: сони | AD7: бир кунда | AE7: ой бошидан | AF7: бир кунда | AG7: ой бошидан | AH7: бир кунда | AI7: ой бошидан | AJ7: бир кунда | AK7: ой бошидан | AL7: бир кунда | AM7: ой бошидан | AN7: бир кунда | AO7: ой бошидан | AQ7: бир кунда | AR7: ой бошидан | AS7: бир кунда | AT7: ой бошидан | AU7: бир кунда | AV7: ой бошидан | AW7: бир кунда | AX7: ой бошидан | AY7: бир кунда | AZ7: ой бошидан | BA7: бир кунда | BB7: ой бошидан | BC7: бир кунда | BD7: ой бошидан | BE7: бир кунда | BF7: ой бошидан | BG7: бир кунда | BH7: ой бошидан | BI7: бир кунда | BJ7: ой бошидан | BK7: бир кунда | BL7: ой бошидан | BM7: бир кунда | BN7: ой бошидан | BO7: Сони | BP7: бир кунда | BQ7: ой бошидан
A8: ИИВ | B8: =E8+H8+K8+N8+Q8+T8+W8+Z8+AC8 -> 0 | C8: =F8+I8+L8+O8+R8+U8+X8+AA8+AD8 -> 0 | D8: =G8+J8+M8+P8+S8+V8+Y8+AB8+AE8 -> 0 | G8: =F8 -> 0 | J8: =I8 -> 0 | M8: =L8 -> 0 | P8: =O8 -> 0 | S8: =R8 -> 0 | V8: =U8 -> 0 | Y8: =X8 -> 0 | AB8: =AA8 -> 0 | AE8: =AD8 -> 0 | AF8: =AH8+AJ8+AL8+AN8 -> 0 | AG8: =AI8+AK8+AM8+AO8 -> 0 | AI8: =AH8 -> 0 | AK8: =AJ8 -> 0 | AM8: =AL8 -> 0 | AO8: =AN8 -> 0 | AP8: ИИВ | AQ8: =AS8+AU8+AW8+AY8+BA8 -> 0 | AR8: =AT8+AV8+AX8+AZ8+BB8 -> 0 | AT8: =AS8 -> 0 | AV8: =AU8 -> 0 | AX8: =AW8 -> 0 | AZ8: =AY8 -> 0 | BB8: =BA8 -> 0 | BC8: =BE8+BG8+BI8+BK8+BM8 -> 0 | BD8: =BF8+BH8+BJ8+BL8+BN8 -> 0 | BF8: =BE8 -> 0 | BH8: =BG8 -> 0 | BJ8: =BI8 -> 0 | BL8: =BK8 -> 0 | BQ8: =BP8 -> 0
A9: ҚКР | B9: =E9+H9+K9+N9+Q9+T9+W9+Z9+AC9 -> 3841 | C9: =F9+I9+L9+O9+R9+U9+X9+AA9+AD9 -> 2 | D9: =G9+J9+M9+P9+S9+V9+Y9+AB9+AE9 -> #REF! | E9: 452 | F9: 1 | G9: =F9+'06.04'!G9 -> #REF! | H9: 12 | I9: 1 | J9: =I9+'06.04'!J9 -> #REF! | K9: 2 | L9: 0 | M9: =L9+'06.04'!M9 -> #REF! | N9: 735 | O9: 0 | P9: =O9+'06.04'!P9 -> #REF! | Q9: 502 | R9: 0 | S9: =R9+'06.04'!S9 -> #REF! | T9: 197 | U9: 0 | V9: =U9+'06.04'!V9 -> #REF! | W9: 47 | X9: 0 | Y9: =X9+'06.04'!Y9 -> #REF! | Z9: 34 | AA9: 0 | AB9: =AA9+'06.04'!AB9 -> #REF! | AC9: 1860 | AD9: 0 | AE9: =AD9+'06.04'!AE9 -> #REF! | AF9: =AH9+AJ9+AL9+AN9 -> 7940 | AG9: =AI9+AK9+AM9+AO9 -> #REF! | AH9: 125 | AI9: =AH9+'06.04'!AI9 -> #REF! | AJ9: 415 | AK9: =AJ9+'06.04'!AK9 -> #REF! | AL9: 2400 | AM9: =AL9+'06.04'!AM9 -> #REF! | AN9: 5000 | AO9: =AN9+'06.04'!AO9 -> #REF! | AP9: ҚКР | AQ9: =AS9+AU9+AW9+AY9+BA9 -> 421 | AR9: =AT9+AV9+AX9+AZ9+BB9 -> #REF! | AS9: 1 | AT9: =AS9+'06.04'!AT9 -> #REF! | AU9: 0 | AV9: =AU9+'06.04'!AV9 -> #REF! | AW9: 420 | AX9: =AW9+'06.04'!AX9 -> #REF! | AY9: 0 | AZ9: =AY9+'06.04'!AZ9 -> #REF! | BA9: 0 | BB9: =BA9+'06.04'!BB9 -> #REF! | BC9: =BE9+BG9+BI9+BK9+BM9 -> 421 | BD9: =BF9+BH9+BJ9+BL9+BN9 -> #REF! | BE9: 1 | BF9: =BE9+'06.04'!BF9 -> #REF! | BG9: 0 | BH9: =BG9+'06.04'!BH9 -> #REF! | BI9: 420 | BJ9: =BI9+'06.04'!BJ9 -> #REF! | BK9: 0 | BL9: =BK9+'06.04'!BL9 -> #REF! | BM9: 0 | BN9: =BM9+'06.04'!BN9 -> #REF! | BO9: 14 | BP9: 0 | BQ9: =BP9+'06.04'!BQ9 -> #REF!
A10: Тошкент шаҳри | B10: =E10+H10+K10+N10+Q10+T10+W10+Z10+AC10 -> 3627 | C10: =F10+I10+L10+O10+R10+U10+X10+AA10+AD10 -> 148 | D10: =G10+J10+M10+P10+S10+V10+Y10+AB10+AE10 -> #REF! | E10: 585 | F10: 22 | G10: =F10+'06.04'!G10 -> #REF! | H10: 93 | I10: 1 | J10: =I10+'06.04'!J10 -> #REF! | K10: 34 | L10: 3 | M10: =L10+'06.04'!M10 -> #REF! | N10: 352 | O10: 15 | P10: =O10+'06.04'!P10 -> #REF! | Q10: 549 | R10: 4 | S10: =R10+'06.04'!S10 -> #REF! | T10: 198 | U10: 7 | V10: =U10+'06.04'!V10 -> #REF! | W10: 55 | X10: 1 | Y10: =X10+'06.04'!Y10 -> #REF! | Z10: 71 | AA10: 1 | AB10: =AA10+'06.04'!AB10 -> #REF! | AC10: 1690 | AD10: 94 | AE10: =AD10+'06.04'!AE10 -> #REF! | AF10: =AH10+AJ10+AL10+AN10 -> 111555 | AG10: =AI10+AK10+AM10+AO10 -> #REF! | AH10: 784 | AI10: =AH10+'06.04'!AI10 -> #REF! | AJ10: 4398 | AK10: =AJ10+'06.04'!AK10 -> #REF! | AL10: 14265 | AM10: =AL10+'06.04'!AM10 -> #REF! | AN10: 92108 | AO10: =AN10+'06.04'!AO10 -> #REF! | AP10: Тошкент шаҳри | AQ10: =AS10+AU10+AW10+AY10+BA10 -> 4 | AR10: =AT10+AV10+AX10+AZ10+BB10 -> #REF! | AS10: 0 | AT10: =AS10+'06.04'!AT10 -> #REF! | AU10: 0 | AV10: =AU10+'06.04'!AV10 -> #REF! | AW10: 0 | AX10: =AW10+'06.04'!AX10 -> #REF! | AY10: 0 | AZ10: =AY10+'06.04'!AZ10 -> #REF! | BA10: 4 | BB10: =BA10+'06.04'!BB10 -> #REF! | BC10: =BE10+BG10+BI10+BK10+BM10 -> 4577 | BD10: =BF10+BH10+BJ10+BL10+BN10 -> #REF! | BE10: 620 | BF10: =BE10+'06.04'!BF10 -> #REF! | BG10: 4 | BH10: =BG10+'06.04'!BH10 -> #REF! | BI10: 2763 | BJ10: =BI10+'06.04'!BJ10 -> #REF! | BK10: 1190 | BL10: =BK10+'06.04'!BL10 -> #REF! | BM10: 0 | BN10: =BM10+'06.04'!BN10 -> #REF! | BO10: 32 | BP10: 0 | BQ10: =BP10+'06.04'!BQ10 -> #REF!
A11: Тошкент вилояти | B11: =E11+H11+K11+N11+Q11+T11+W11+Z11+AC11 -> 15381 | C11: =F11+I11+L11+O11+R11+U11+X11+AA11+AD11 -> 116 | D11: =G11+J11+M11+P11+S11+V11+Y11+AB11+AE11 -> #REF! | E11: 883 | F11: 55 | G11: =F11+'06.04'!G11 -> #REF! | H11: 16 | I11: 0 | J11: =I11+'06.04'!J11 -> #REF! | K11: 3 | L11: 0 | M11: =L11+'06.04'!M11 -> #REF! | N11: 875 | O11: 0 | P11: =O11+'06.04'!P11 -> #REF! | Q11: 2424 | R11: 0 | S11: =R11+'06.04'!S11 -> #REF! | T11: 69 | U11: 0 | V11: =U11+'06.04'!V11 -> #REF! | W11: 133 | X11: 61 | Y11: =X11+'06.04'!Y11 -> #REF! | Z11: 1116 | AA11: 0 | AB11: =AA11+'06.04'!AB11 -> #REF! | AC11: 9862 | AD11: 0 | AE11: =AD11+'06.04'!AE11 -> #REF! | AF11: =AH11+AJ11+AL11+AN11 -> 173200 | AG11: =AI11+AK11+AM11+AO11 -> #REF! | AH11: 7100 | AI11: =AH11+'06.04'!AI11 -> #REF! | AJ11: 9100 | AK11: =AJ11+'06.04'!AK11 -> #REF! | AL11: 49000 | AM11: =AL11+'06.04'!AM11 -> #REF! | AN11: 108000 | AO11: =AN11+'06.04'!AO11 -> #REF! | AP11: Тошкент вилояти | AQ11: =AS11+AU11+AW11+AY11+BA11 -> 12 | AR11: =AT11+AV11+AX11+AZ11+BB11 -> #REF! | AS11: 0 | AT11: =AS11+'06.04'!AT11 -> #REF! | AU11: 0 | AV11: =AU11+'06.04'!AV11 -> #REF! | AW11: 0 | AX11: =AW11+'06.04'!AX11 -> #REF! | AY11: 0 | AZ11: =AY11+'06.04'!AZ11 -> #REF! | BA11: 12 | BB11: =BA11+'06.04'!BB11 -> #REF! | BC11: =BE11+BG11+BI11+BK11+BM11 -> 5539 | BD11: =BF11+BH11+BJ11+BL11+BN11 -> #REF! | BE11: 10 | BF11: =BE11+'06.04'!BF11 -> #REF! | BG11: 5 | BH11: =BG11+'06.04'!BH11 -> #REF! | BI11: 5400 | BJ11: =BI11+'06.04'!BJ11 -> #REF! | BK11: 124 | BL11: =BK11+'06.04'!BL11 -> #REF! | BM11: 0 | BN11: =BM11+'06.04'!BN11 -> #REF! | BO11: 11506 | BP11: 7 | BQ11: =BP11+'06.04'!BQ11 -> #REF!
A12: Андижон вилояти | B12: =E12+H12+K12+N12+Q12+T12+W12+Z12+AC12 -> 30164 | C12: =F12+I12+L12+O12+R12+U12+X12+AA12+AD12 -> 233 | D12: =G12+J12+M12+P12+S12+V12+Y12+AB12+AE12 -> #REF! | E12: 909 | F12: 52 | G12: =F12+'06.04'!G12 -> #REF! | H12: 80 | I12: 4 | J12: =I12+'06.04'!J12 -> #REF! | K12: 5 | L12: 0 | M12: =L12+'06.04'!M12 -> #REF! | N12: 820 | O12: 31 | P12: =O12+'06.04'!P12 -> #REF! | Q12: 549 | R12: 0 | S12: =R12+'06.04'!S12 -> #REF! | T12: 992 | U12: 0 | V12: =U12+'06.04'!V12 -> #REF! | W12: 38 | X12: 116 | Y12: =X12+'06.04'!Y12 -> #REF! | Z12: 68 | AA12: 0 | AB12: =AA12+'06.04'!AB12 -> #REF! | AC12: 26703 | AD12: 30 | AE12: =AD12+'06.04'!AE12 -> #REF! | AF12: =AH12+AJ12+AL12+AN12 -> 3130 | AG12: =AI12+AK12+AM12+AO12 -> #REF! | AH12: 1001 | AI12: =AH12+'06.04'!AI12 -> #REF! | AJ12: 809 | AK12: =AJ12+'06.04'!AK12 -> #REF! | AL12: 20 | AM12: =AL12+'06.04'!AM12 -> #REF! | AN12: 1300 | AO12: =AN12+'06.04'!AO12 -> #REF! | AP12: Андижон вилояти | AQ12: =AS12+AU12+AW12+AY12+BA12 -> 85 | AR12: =AT12+AV12+AX12+AZ12+BB12 -> #REF! | AS12: 0 | AT12: =AS12+'06.04'!AT12 -> #REF! | AU12: 0 | AV12: =AU12+'06.04'!AV12 -> #REF! | AW12: 0 | AX12: =AW12+'06.04'!AX12 -> #REF! | AY12: 0 | AZ12: =AY12+'06.04'!AZ12 -> #REF! | BA12: 85 | BB12: =BA12+'06.04'!BB12 -> #REF! | BC12: =BE12+BG12+BI12+BK12+BM12 -> 2382 | BD12: =BF12+BH12+BJ12+BL12+BN12 -> #REF! | BE12: 120 | BF12: =BE12+'06.04'!BF12 -> #REF! | BG12: 12 | BH12: =BG12+'06.04'!BH12 -> #REF! | BI12: 2000 | BJ12: =BI12+'06.04'!BJ12 -> #REF! | BK12: 250 | BL12: =BK12+'06.04'!BL12 -> #REF! | BM12: 0 | BN12: =BM12+'06.04'!BN12 -> #REF! | BP12: 0 | BQ12: =BP12+'06.04'!BQ12 -> #REF!
A13: Бухоро вилояти | B13: =E13+H13+K13+N13+Q13+T13+W13+Z13+AC13 -> 2044 | C13: =F13+I13+L13+O13+R13+U13+X13+AA13+AD13 -> 4 | D13: =G13+J13+M13+P13+S13+V13+Y13+AB13+AE13 -> #REF! | E13: 516 | F13: 1 | G13: =F13+'06.04'!G13 -> #REF! | H13: 10 | I13: 2 | J13: =I13+'06.04'!J13 -> #REF! | K13: 38 | L13: 0 | M13: =L13+'06.04'!M13 -> #REF! | N13: 581 | O13: 0 | P13: =O13+'06.04'!P13 -> #REF! | Q13: 525 | R13: 0 | S13: =R13+'06.04'!S13 -> #REF! | T13: 263 | U13: 0 | V13: =U13+'06.04'!V13 -> #REF! | W13: 43 | X13: 0 | Y13: =X13+'06.04'!Y13 -> #REF! | Z13: 17 | AA13: 0 | AB13: =AA13+'06.04'!AB13 -> #REF! | AC13: 51 | AD13: 1 | AE13: =AD13+'06.04'!AE13 -> #REF! | AF13: =AH13+AJ13+AL13+AN13 -> 230000 | AG13: =AI13+AK13+AM13+AO13 -> #REF! | AH13: 1000 | AI13: =AH13+'06.04'!AI13 -> #REF! | AJ13: 9000 | AK13: =AJ13+'06.04'!AK13 -> #REF! | AL13: 20000 | AM13: =AL13+'06.04'!AM13 -> #REF! | AN13: 200000 | AO13: =AN13+'06.04'!AO13 -> #REF! | AP13: Бухоро вилояти | AQ13: =AS13+AU13+AW13+AY13+BA13 -> 12 | AR13: =AT13+AV13+AX13+AZ13+BB13 -> #REF! | AS13: 1 | AT13: =AS13+'06.04'!AT13 -> #REF! | AU13: 1 | AV13: =AU13+'06.04'!AV13 -> #REF! | AW13: 0 | AX13: =AW13+'06.04'!AX13 -> #REF! | AY13: 0 | AZ13: =AY13+'06.04'!AZ13 -> #REF! | BA13: 10 | BB13: =BA13+'06.04'!BB13 -> #REF! | BC13: =BE13+BG13+BI13+BK13+BM13 -> 5576 | BD13: =BF13+BH13+BJ13+BL13+BN13 -> #REF! | BE13: 516 | BF13: =BE13+'06.04'!BF13 -> #REF! | BG13: 10 | BH13: =BG13+'06.04'!BH13 -> #REF! | BI13: 5000 | BJ13: =BI13+'06.04'!BJ13 -> #REF! | BK13: 50 | BL13: =BK13+'06.04'!BL13 -> #REF! | BM13: 0 | BN13: =BM13+'06.04'!BN13 -> #REF! | BP13: 0 | BQ13: =BP13+'06.04'!BQ13 -> #REF!
A14: Жиззах вилояти | B14: =E14+H14+K14+N14+Q14+T14+W14+Z14+AC14 -> 3916 | C14: =F14+I14+L14+O14+R14+U14+X14+AA14+AD14 -> 140 | D14: =G14+J14+M14+P14+S14+V14+Y14+AB14+AE14 -> #REF! | E14: 304 | F14: 116 | G14: =F14+'06.04'!G14 -> #REF! | H14: 5 | I14: 0 | J14: =I14+'06.04'!J14 -> #REF! | K14: 34 | L14: 0 | M14: =L14+'06.04'!M14 -> #REF! | N14: 583 | O14: 0 | P14: =O14+'06.04'!P14 -> #REF! | Q14: 254 | R14: 0 | S14: =R14+'06.04'!S14 -> #REF! | T14: 196 | U14: 0 | V14: =U14+'06.04'!V14 -> #REF! | W14: 30 | X14: 20 | Y14: =X14+'06.04'!Y14 -> #REF! | Z14: 10 | AA14: 0 | AB14: =AA14+'06.04'!AB14 -> #REF! | AC14: 2500 | AD14: 4 | AE14: =AD14+'06.04'!AE14 -> #REF! | AF14: =AH14+AJ14+AL14+AN14 -> 191000 | AG14: =AI14+AK14+AM14+AO14 -> #REF! | AH14: 4300 | AI14: =AH14+'06.04'!AI14 -> #REF! | AJ14: 11000 | AK14: =AJ14+'06.04'!AK14 -> #REF! | AL14: 20000 | AM14: =AL14+'06.04'!AM14 -> #REF! | AN14: 155700 | AO14: =AN14+'06.04'!AO14 -> #REF! | AP14: Жиззах вилояти | AQ14: =AS14+AU14+AW14+AY14+BA14 -> 17 | AR14: =AT14+AV14+AX14+AZ14+BB14 -> #REF! | AS14: 0 | AT14: =AS14+'06.04'!AT14 -> #REF! | AU14: 0 | AV14: =AU14+'06.04'!AV14 -> #REF! | AW14: 1 | AX14: =AW14+'06.04'!AX14 -> #REF! | AY14: 0 | AZ14: =AY14+'06.04'!AZ14 -> #REF! | BA14: 16 | BB14: =BA14+'06.04'!BB14 -> #REF! | BC14: =BE14+BG14+BI14+BK14+BM14 -> 5036 | BD14: =BF14+BH14+BJ14+BL14+BN14 -> #REF! | BE14: 10 | BF14: =BE14+'06.04'!BF14 -> #REF! | BG14: 4 | BH14: =BG14+'06.04'!BH14 -> #REF! | BI14: 5000 | BJ14: =BI14+'06.04'!BJ14 -> #REF! | BK14: 22 | BL14: =BK14+'06.04'!BL14 -> #REF! | BM14: 0 | BN14: =BM14+'06.04'!BN14 -> #REF! | BO14: 2 | BP14: 0 | BQ14: =BP14+'06.04'!BQ14 -> #REF!
A15: Қашқадарё вилояти | B15: =E15+H15+K15+N15+Q15+T15+W15+Z15+AC15 -> 3897 | C15: =F15+I15+L15+O15+R15+U15+X15+AA15+AD15 -> 319 | D15: =G15+J15+M15+P15+S15+V15+Y15+AB15+AE15 -> #REF! | E15: 776 | F15: 315 | G15: =F15+'06.04'!G15 -> #REF! | H15: 9 | I15: 0 | J15: =I15+'06.04'!J15 -> #REF! | K15: 6 | L15: 0 | M15: =L15+'06.04'!M15 -> #REF! | N15: 1305 | O15: 0 | P15: =O15+'06.04'!P15 -> #REF! | Q15: 447 | R15: 0 | S15: =R15+'06.04'!S15 -> #REF! | T15: 337 | U15: 0 | V15: =U15+'06.04'!V15 -> #REF! | W15: 78 | X15: 0 | Y15: =X15+'06.04'!Y15 -> #REF! | Z15: 141 | AA15: 0 | AB15: =AA15+'06.04'!AB15 -> #REF! | AC15: 798 | AD15: 4 | AE15: =AD15+'06.04'!AE15 -> #REF! | AF15: =AH15+AJ15+AL15+AN15 -> 1132620 | AG15: =AI15+AK15+AM15+AO15 -> #REF! | AH15: 1046 | AI15: =AH15+'06.04'!AI15 -> #REF! | AJ15: 3300 | AK15: =AJ15+'06.04'!AK15 -> #REF! | AL15: 564137 | AM15: =AL15+'06.04'!AM15 -> #REF! | AN15: 564137 | AO15: =AN15+'06.04'!AO15 -> #REF! | AP15: Қашқадарё вилояти | AQ15: =AS15+AU15+AW15+AY15+BA15 -> 4 | AR15: =AT15+AV15+AX15+AZ15+BB15 -> #REF! | AS15: 0 | AT15: =AS15+'06.04'!AT15 -> #REF! | AU15: 0 | AV15: =AU15+'06.04'!AV15 -> #REF! | AW15: 0 | AX15: =AW15+'06.04'!AX15 -> #REF! | AY15: 0 | AZ15: =AY15+'06.04'!AZ15 -> #REF! | BA15: 4 | BB15: =BA15+'06.04'!BB15 -> #REF! | BC15: =BE15+BG15+BI15+BK15+BM15 -> 1568 | BD15: =BF15+BH15+BJ15+BL15+BN15 -> #REF! | BE15: 62 | BF15: =BE15+'06.04'!BF15 -> #REF! | BG15: 4 | BH15: =BG15+'06.04'!BH15 -> #REF! | BI15: 750 | BJ15: =BI15+'06.04'!BJ15 -> #REF! | BK15: 750 | BL15: =BK15+'06.04'!BL15 -> #REF! | BM15: 2 | BN15: =BM15+'06.04'!BN15 -> #REF! | BO15: 6274 | BP15: 2 | BQ15: =BP15+'06.04'!BQ15 -> #REF! | BR15: умумий утирганлар билан
